inventor_id,name,country
fl:jo_ln:marron-5,Joseph Marron,US
fl:hy_ln:yu-60,Hyeon Jae Yu,KR
fl:su_ln:lee-252,Sun-Woo Lee,KR
fl:do_ln:kim-296,Dong Jin Kim,KR
fl:si_ln:kim-38,Si Min Kim,KR
fl:do_ln:choi-29,Dong-Hyeon Choi,KR
fl:yu_ln:kim-61,Yun-Jo Kim,KR
fl:gu_ln:bergmann-3,Guido Bergmann,DE
fl:cr_ln:mehren-1,Cristoph Mehren,DE
fl:ca_ln:elsasser-1,Carsten Elsasser,DE
fl:mi_ln:zubiriaelizondo-1,Miguel Jorge Zubiria Elizondo,MX
fl:jo_ln:valadezlopez-1,Jose Juan Valadez Lopez,MX
fl:ka_ln:oda-24,Katsunori Oda,JP
fl:ke_ln:katou-9,Kenji Katou,JP
fl:ma_ln:saelen-1,Marc Saelen,FR
fl:co_ln:dickert-1,Corey Dickert,US
fl:ja_ln:kotes-1,Jarrod Kotes,US
fl:wi_ln:didier-2,Will Didier,US
fl:ia_ln:zimmermann-1,Ian Zimmermann,US
fl:al_ln:huber-4,Alex Huber,US
fl:li_ln:caspi-2,Liah Caspi,US
fl:na_ln:maier-2,Nathan Christopher Maier,US
fl:ca_ln:terrero-1,Carlos M. Terrero,US
fl:br_ln:hanna-6,Brian A. Hanna,US
fl:ly_ln:saxton-1,Lynn Saxton,US
fl:ro_ln:irizarry-1,Roberto A. Irizarry,US
fl:do_ln:fess-1,Donald R. Fess,US
fl:gr_ln:mark-2,Gregory Thomas Mark,US
fl:ti_ln:diehlmann-1,Tim DIEHLMANN,DE
fl:fr_ln:dietzen-1,Franz-Josef Dietzen,DE
fl:di_ln:scherzer-1,Dietrich Scherzer,DE
fl:ca_ln:sandner-1,Carsten SANDNER,DE
fl:he_ln:schall-2,Herbert Schall,DE
fl:ro_ln:nick-1,Robert J. Nick,US
fl:ra_ln:uttaro-1,Raymond Uttaro,US
fl:ra_ln:windbichler-1,Ralph Windbichler,DE
fl:st_ln:mag-1,Stefan C. Mag,US
fl:ma_ln:hill-11,Matthew D. Hill,US
fl:li_ln:fang-4,Liane Fang,US
fl:sc_ln:myers-6,Scott A. Myers,US
fl:ty_ln:cater-1,Tyler B. Cater,US
fl:jo_ln:spalding-3,John F. Spalding,US
fl:ni_ln:room-1,Nicholas H. Room,US
fl:ma_ln:vargas-1,Mary H. Vargas,US
fl:me_ln:watson-1,Megan N. Watson,US
fl:ja_ln:chanes-1,James D. Chanes,US
fl:mi_ln:evens-1,Michael W. Evens,US
fl:ka_ln:ferguson-3,Kathy L. Ferguson,US
fl:ru_ln:keller-9,Russell L. Keller,US
fl:jo_ln:hafenrichter-2,Joseph L. Hafenrichter,US
fl:st_ln:russel-1,Steven M. Russel,US
fl:je_ln:swing-1,Jeffrey N. Swing,US
fl:er_ln:ruiz-1,Erwin Ruiz,US
fl:pa_ln:fromm-1,Paul M. Fromm,US
fl:ma_ln:takenami-2,Masataka Takenami,JP
fl:sa_ln:abe-7,Satoshi Abe,JP
fl:yo_ln:higashi-12,Yoshikazu Higashi,JP
fl:is_ln:fuwa-1,Isao Fuwa,JP
fl:sc_ln:defelice-1,Scott DeFelice,US
fl:an_ln:decarmine-1,Anthony DeCarmine,US
fl:al_ln:shkolnik-1,Alexandr Shkolnik,US
fl:al_ln:elsiblani-1,Ali El-Siblani,US
fl:yo_ln:jeong-15,Yong Wook Jeong,KR
fl:ja_ln:park-207,Jae Young Park,KR
fl:kw_ln:choi-30,Kwang Min Choi,KR
fl:su_ln:jang-110,Sung Ho JANG,KR
fl:in_ln:cha-10,In-Hyok CHA,KR
fl:sa_ln:han-114,Sang Hoon Han,KR
fl:ma_ln:kismarton-1,Max U. Kismarton,US
fl:ma_ln:matsen-1,Marc R. Matsen,US
fl:ma_ln:negley-3,Mark A. Negley,US
fl:wo_ln:schoenberger-1,Wolfgang Schoenberger,DE
fl:kl_ln:voth-1,Klaus Voth,DE
fl:wi_ln:unruh-1,William C. Unruh,US
fl:ro_ln:ausen-1,Ronald W. Ausen,US
fl:th_ln:hanschen-1,Thomas P. Hanschen,US
fl:wi_ln:kopecky-3,William J. Kopecky,US
fl:so_ln:nakane-1,Soichiro Nakane,JP
fl:hi_ln:miyata-24,Hirofumi Miyata,JP
fl:hi_ln:izumi-20,Hisashi Izumi,JP
fl:ma_ln:ohara-23,Masaaki Ohara,JP
fl:ke_ln:elliott-2,Kevin Eugene Elliott,US
fl:ma_ln:mueller-28,Markus Mueller,DE
fl:ge_ln:engler-1,Gebhard Engler,DE
fl:th_ln:spiesshofer-1,Thomas Spiesshofer,DE
fl:al_ln:denis-1,Alain Denis,US
fl:am_ln:george-2,Amy George,US
fl:fu_ln:li-83,Fuping Li,CN
fl:ro_ln:eilertson-2,Ron Eilertson,US
fl:jo_ln:parker-39,"John W. Parker, Jr.",US
fl:gi_ln:blanchette-1,Gil Blanchette,US
fl:st_ln:correa-1,Steve Correa,US
fl:ma_ln:vanbeek-1,Marlon Van Beek,US
fl:mi_ln:melo-1,Michael Melo,US
fl:pa_ln:burke-6,Paul C. Burke,US
fl:ti_ln:chapman-2,Timothy L. Chapman,US
fl:mi_ln:smith-40,Michael W. Smith,US
fl:sh_ln:lowther-1,Sharon E. Lowther,US
fl:ro_ln:bryant-13,Robert G. Bryant,US
fl:ke_ln:jordan-8,Kevin C. Jordan,US
fl:ch_ln:park-244,Cheol Park,US
fl:ji_ln:kang-14,Jin Ho Kang,US
fl:go_ln:sauti-1,Godfrey Sauti,US
fl:ei_ln:ohta-2,Eiji Ohta,JP
fl:sh_ln:ohkawara-1,Shigehisa Ohkawara,JP
fl:sh_ln:matsumura-14,Shinichi Matsumura,JP
fl:ki_ln:nishimura-5,Kimitaka Nishimura,JP
fl:em_ln:yoshida-1,Emi Yoshida,JP
fl:ta_ln:yoshida-95,Takahiro Yoshida,JP
fl:to_ln:tsuruda-1,Tomoyuki Tsuruda,JP
fl:no_ln:mukai-13,Nobuaki Mukai,JP
fl:ya_ln:farhoudi-1,Yalda Farhoudi,US
fl:ar_ln:karagiannis-1,Aristotelis Karagiannis,US
fl:me_ln:szlosek-1,Megan L. Szlosek,US
fl:ch_ln:vandevoorde-3,Christof Vandevoorde,BE
fl:jo_ln:meirlaen-1,José MEIRLAEN,BE
fl:lo_ln:farina-1,Lorenza Farina,IT
fl:pa_ln:carmellino-1,Pasquale Carmellino,IT
fl:al_ln:penaforte-1,Alberto Penaforte,IT
fl:da_ln:nisiro-1,Daniela Nisiro,IT
fl:m._ln:parsio-1,M. David Parsio,US
fl:ch_ln:robert-8,Christophe Robert,FR
fl:lu_ln:sallet-1,Ludovic Sallet,FR
fl:ch_ln:notteau-1,Christophe Notteau,FR
fl:ma_ln:fogliati-1,Massimiliano Fogliati,IT
fl:sa_ln:marcarino-1,Sandro Marcarino,IT
fl:ra_ln:giovannini-1,Raffaella Giovannini,IT
fl:to_ln:hasegawa-39,Toshiaki Hasegawa,JP
fl:go_ln:tazaki-1,Go Tazaki,UNKNOWN
fl:hi_ln:suzuki-87,Hideaki Suzuki,JP
fl:jo_ln:robinson-29,John W. Robinson,US
fl:ts_ln:yang-98,Tsungying Yang,CN
fl:da_ln:liu-118,Dandan Liu,CN
fl:ha_ln:sun-101,Haiyan Sun,CN
fl:de_ln:li-133,Dejiun Li,CN
fl:je_ln:horning-2,Jeromy D. Horning,US
fl:ma_ln:jungklaus-2,Matthew W. Jungklaus,US
fl:st_ln:wrobel-2,Steven J. Wrobel,US
fl:mi_ln:defillipi-1,Michael DeFillipi,US
fl:di_ln:elbracht-2,Dirk Elbracht,DE
fl:jo_ln:rodriguez-38,Jorge M. Rodriguez,US
fl:je_ln:bradway-1,Jeffrey J. Bradway,US
fl:ti_ln:clark-5,Timothy J. Clark,US
fl:gr_ln:anderson-12,Gregory B. Anderson,US
fl:ti_ln:stowe-3,Timothy Stowe,US
fl:sa_ln:badesha-1,Santokh S. Badesha,US
fl:ma_ln:kanungo-1,Mandakini Kanungo,US
fl:br_ln:gentle-1,Brian Joseph Gentle,US
fl:gl_ln:caron-1,Glen Roger Caron,US
fl:gu_ln:peter-3,Gunter Peter,DE
fl:jo_ln:seefeld-1,Jorg Seefeld,DE
fl:uw_ln:becker-2,Uwe Becker,DE
fl:lu_ln:halbach-1,Lutz Halbach,DE
fl:fr_ln:schumann-2,Frank Schumann,DE
fl:ch_ln:ziegenbalg-1,Christian Ziegenbalg,DE
fl:st_ln:ehrhardt-4,Stephan Ehrhardt,DE
fl:ma_ln:mantani-1,Masayuki Mantani,JP
fl:se_ln:kuroda-2,Seiya Kuroda,JP
fl:or_ln:perets-1,Oren Perets,IL
fl:ya_ln:shemesh-1,Yair Shemesh,IL
fl:ma_ln:isalcortes-1,Marc Isal Cortes,ES
fl:to_ln:yamada-83,Tomokazu Yamada,JP
fl:yo_ln:kondo-49,Yoichiro Kondo,JP
fl:sh_ln:tomimatsu-4,Shingo TOMIMATSU,JP
fl:yo_ln:naganuma-5,Yoichi Naganuma,JP
fl:sh_ln:watanabe-88,Shunsuke Watanabe,JP
fl:mo_ln:takabe-1,Motoki Takabe,JP
fl:ei_ln:hirai-4,Eiju Hirai,JP
fl:ma_ln:nakayama-43,Masao Nakayama,JP
fl:yo_ln:hokari-1,Yoshihiro Hokari,JP
fl:ta_ln:saito-53,Takeshi Saito,JP
fl:to_ln:shimizu-80,Toshihiro Shimizu,JP
fl:ka_ln:fujioka-12,Kazuyuki Fujioka,JP
fl:sa_ln:oya-1,Satoshi Oya,JP
fl:hi_ln:ozeki-4,Hiroyoshi Ozeki,JP
fl:hi_ln:kawate-1,Hiroyuki Kawate,JP
fl:ta_ln:ozawa-3,Takuma OZAWA,JP
fl:ma_ln:yamaguchi-23,Manabu Yamaguchi,JP
fl:ta_ln:mizutani-11,Tadahiro Mizutani,JP
fl:ki_ln:katsuki-1,Kiyoteru Katsuki,JP
fl:to_ln:mizuta-10,Tomohiro Mizuta,JP
fl:sh_ln:arthur-1,Shane E. Arthur,US
fl:my_ln:duncanson-1,Myles S. Duncanson,US
fl:ro_ln:palifka-1,Robert G. Palifka,US
fl:be_ln:moriarty-1,Bennett M. Moriarty,US
fl:ri_ln:baker-19,Richard Baker,US
fl:ta_ln:nakai-27,Takayuki Nakai,JP
fl:no_ln:okada-22,Noriaki Okada,JP
fl:to_ln:nakagawa-37,Tomohiro Nakagawa,JP
fl:hi_ln:kobayashi-111,Hikaru Kobayashi,JP
fl:da_ln:fujiwara-4,Daisuke Fujiwara,JP
fl:ma_ln:mcnestry-1,Martin McNestry,GB
fl:st_ln:buckby-1,Steven Buckby,GB
fl:ak_ln:katsumata-5,Akio Katsumata,JP
fl:ta_ln:sasaki-83,Taishi Sasaki,JP
fl:ta_ln:ohta-35,Takeomi Ohta,JP
fl:ak_ln:fujita-18,Akira Fujita,JP
fl:yo_ln:akao-1,Yoshihiko Akao,JP
fl:te_ln:kunifuji-1,Tetsuhiro Kunifuji,JP
fl:ke_ln:matsushime-1,Kenji MATSUSHIME,JP
fl:ch_ln:davis-74,Chad Davis,US
fl:br_ln:eppley-3,Bradley A. Eppley,US
fl:ri_ln:fotland-1,Richard A. Fotland,US
fl:om_ln:gila-1,Omer Gila,US
fl:na_ln:leoni-4,Napolean J. Leoni,US
fl:jo_ln:mcgrath-13,Joshua MCGRATH,US
fl:jo_ln:duffield-4,John Peter Duffield,US
fl:br_ln:klemann-1,Bruce Klemann,US
fl:te_ln:ohba-2,Tetsuya Ohba,JP
fl:te_ln:ishikawa-11,Tetsuhiro Ishikawa,JP
fl:su_ln:watanabe-10,Sumio Watanabe,JP
fl:ma_ln:tsuchiya-6,Masahiro Tsuchiya,JP
fl:yu_ln:mori-42,Yukihiro Mori,JP
fl:yu_ln:nagashima-11,Yuki Nagashima,JP
fl:ry_ln:kanda-4,Ryuichi Kanda,JP
fl:yu_ln:ikemoto-8,Yusuke Ikemoto,JP
fl:ta_ln:inaba-19,Takehiko Inaba,JP
fl:hi_ln:jo-4,Hidenori Jo,JP
fl:hi_ln:sanada-7,Hitoshi Sanada,JP
fl:m._ln:borrellbayona-1,M. Isabel Borrell Bayona,ES
fl:xa_ln:farinavargas-1,Xavier Farina Vargas,ES
fl:an_ln:martinezbarambio-2,Angel Martinez Barambio,ES
fl:ju_ln:oomura-2,Junpei OOMURA,JP
fl:mi_ln:oota-4,Mitsuhiro Oota,JP
fl:yu_ln:iwasaki-12,Yuki Iwasaki,JP
fl:la_ln:steinfeld-1,Laurie Steinfeld,US
fl:ke_ln:hirai-2,Kenji Hirai,JP
fl:ak_ln:ogino-6,Akihito Ogino,JP
fl:hi_ln:ohta-50,Hitoshi Ohta,JP
fl:di_ln:neuhaus-3,Dietmar Neuhaus,DE
fl:gu_ln:peleman-1,Guido Peleman,BE
fl:to_ln:pedersen-14,Tomas Pedersen,DK
fl:ta_ln:hoshino-33,Takanori Hoshino,JP
fl:jo_ln:maresh-3,Joseph D. Maresh,US
fl:is_ln:kuwayama-1,Isao Kuwayama,JP
fl:ko_ln:hasegawa-20,Kohei Hasegawa,JP
fl:ch_ln:gayton-1,Christophe Gayton,FR
fl:vi_ln:martin-7,Vincent Martin,FR
fl:ts_ln:fujioka-2,Tsuyoshi Fujioka,JP
fl:st_ln:oraison-1,Stéphane Oraison,FR
fl:ma_ln:vandaele-2,Matthieu Vandaele,FR
fl:be_ln:quantinet-1,Benjamin Quantinet,FR
fl:ke_ln:saeki-7,Kentaro Saeki,JP
fl:no_ln:yamamoto-24,Nobuyuki Yamamoto,JP
fl:na_ln:yukawa-1,Naoki Yukawa,JP
fl:ka_ln:sakakibara-16,Kazuhiro Sakakibara,JP
fl:ke_ln:lee-52,Keun Young Lee,KR
fl:sa_ln:kim-56,Sang Woo Kim,KR
fl:su_ln:kwak-14,Sung Soo Kwak,KR
fl:ta_ln:kim-53,Tae Yun Kim,KR
fl:ju_ln:lee-896,Ju-Hyuck Lee,KR
fl:wa_ln:seung-1,Wanchul Seung,KR
fl:fr_ln:darrer-1,Franz Michael Darrer,AT
fl:wa_ln:schuchter-1,Walter Schuchter,AT
fl:st_ln:monig-1,Stefan Mönig,DE
fl:ig_ln:gorenzweig-1,Igor Gorenzweig,DE
fl:da_ln:weston-7,David Alan Weston,US
fl:gi_ln:corghi-1,Giulio Corghi,IT
fl:st_ln:lambiris-1,Stephen M. Lambiris,US
fl:le_ln:sanford-1,Leo D. Sanford,US
fl:th_ln:brock-3,Thomas Brock,US
fl:ja_ln:nolte-2,Jason J. Nolte,US
fl:er_ln:tseng-2,Eric Hongtei Tseng,US
fl:li_ln:xu-87,Li Xu,US
fl:da_ln:hrovat-1,Davorin David Hrovat,US
fl:ma_ln:roessle-2,Matthew L. Roessle,US
fl:sc_ln:dunaway-1,Scott S. DUNAWAY,US
fl:da_ln:blankenship-2,David R. Blankenship,US
fl:ma_ln:schelosky-1,Matthew Schelosky,US
fl:je_ln:paenhuysen-1,Jeroen K. Paenhuysen,US
fl:ka_ln:kazmirski-1,Karl Kazmirski,US
fl:an_ln:barrow-2,Andrew Edward Barrow,US
fl:ja_ln:dilley-2,Jason Dilley,US
fl:ta_ln:yamashita-72,Takahisa Yamashita,JP
fl:mi_ln:furui-1,Mio Furui,JP
fl:ko_ln:komori-2,Kou Komori,JP
fl:ko_ln:fukawatase-1,Kohei Fukawatase,JP
fl:su_ln:matsumoto-2,Subaru Matsumoto,JP
fl:no_ln:miyamura-1,Norihiro Miyamura,JP
fl:hi_ln:hamamoto-8,Hiroshi Hamamoto,JP
fl:ka_ln:wakano-1,Katsuyoshi Wakano,JP
fl:yo_ln:otake-15,Yoshihiko Otake,JP
fl:at_ln:yamada-9,Atsushi Yamada,JP
fl:hi_ln:kobayashi-58,Hiroyuki Kobayashi,JP
fl:ad_ln:gilley-1,Adam Gilley,US
fl:se_ln:han-124,Seong Seok Han,KR
fl:so_ln:hong-11,Soon Rae Hong,KR
fl:yo_ln:kim-352,Yong Ho Kim,KR
fl:se_ln:yoon-45,Seo Jun Yoon,KR
fl:ja_ln:jeong-7,Jae Won Jeong,KR
fl:ta_ln:kameyama-10,Takashi Kameyama,JP
fl:ju_ln:makita-1,Jun Makita,JP
fl:li_ln:doan-2,Linh Doan,US
fl:de_ln:patel-27,Deepak Patel,US
fl:kr_ln:warmann-1,Kris Allyn Warmann,US
fl:li_ln:lu-132,Li Lu,US
fl:bh_ln:thota-1,Bhavani Thota,US
fl:st_ln:schmeichel-2,Steven C. Schmeichel,US
fl:ch_ln:schmeichel-1,Charles M. Schmeichel,US
fl:an_ln:rohr-5,Andrew N. Rohr,US
fl:aa_ln:yonts-1,Aaron N. Yonts,US
fl:pe_ln:ziemer-1,Peter Ziemer,DE
fl:ju_ln:pawlakowitsch-1,Juri Pawlakowitsch,DE
fl:hi_ln:sasaki-55,Hiroshi Sasaki,JP
fl:mi_ln:brock-1,Michael S. Brock,US
fl:ke_ln:young-28,Kevin L. Young,US
fl:da_ln:giles-6,David Giles,US
fl:ma_ln:morita-38,Makoto Morita,JP
fl:te_ln:takaishi-1,Tetsu Takaishi,JP
fl:at_ln:mori-10,Atsuhiro Mori,JP
fl:ka_ln:ogawa-58,Katsuyoshi Ogawa,JP
fl:sh_ln:mitsuishi-1,Shunichi Mitsuishi,JP
fl:br_ln:goethe-1,Bret Goethe,US
fl:ry_ln:furukawa-1,Ryuusuke Furukawa,JP
fl:ak_ln:kakudate-1,Akari Kakudate,JP
fl:da_ln:kobayashi-9,Daisuke Kobayashi,JP
fl:mu_ln:kikuchi-1,Muneomi Kikuchi,JP
fl:da_ln:fujii-8,Daisuke Fujii,JP
fl:ta_ln:inamori-4,Takuya Inamori,JP
fl:ma_ln:oberpriller-1,Mark Lee Oberpriller,US
fl:ti_ln:fitch-3,Timothy R. Fitch,US
fl:ni_ln:echkilev-1,Nikolaj Echkilev,DE
fl:xi_ln:wu-424,Xiao Qiang Wu,DE
fl:an_ln:wellner-1,Andreas Wellner,DE
fl:ta_ln:hori-29,Takaharu Hori,JP
fl:hi_ln:kawamori-5,Hiromitsu Kawamori,JP
fl:sh_ln:minegishi-3,Shinichiro Minegishi,JP
fl:ti_ln:kentleyklay-1,Timothy David Kentley-Klay,US
fl:de_ln:choi-4,Deok Kwan Choi,KR
fl:an_ln:schamel-1,Andreas R. Schamel,DE
fl:ed_ln:jih-1,Edward Chan-Jiun Jih,US
fl:mi_ln:degner-1,Michael W. Degner,US
fl:gu_ln:lei-10,Guangyin Lei,US
fl:xu_ln:wang-191,Xu Wang,CN
fl:ch_ln:outwater-1,Chris Outwater,US
fl:wi_ln:redmann-1,William Gibbens Redmann,US
fl:ka_ln:lovett-2,Karin Lovett,US
fl:br_ln:dunlap-4,Brock Dunlap,US
fl:wi_ln:treharne-1,William David Treharne,US
fl:br_ln:bolger-2,Bryan Michael Bolger,US
fl:qi_ln:yuan-55,Qingmin Yuan,CN
fl:ma_ln:mcnally-9,Mark McNally,GB
fl:wi_ln:mansur-1,William Najib Mansur,US
fl:ma_ln:malone-2,Mark Douglas Malone,US
fl:be_ln:dalrymple-1,Beth Ann Dalrymple,US
fl:da_ln:roberts-7,Daniel Paul Roberts,US
fl:ni_ln:keeling-1,Nicholas Athol Keeling,DE
fl:fe_ln:weidner-1,Felix Weidner,DE
fl:je_ln:white-43,Jeff C. WHITE,CA
fl:ch_ln:mi-13,Chris Mi,US
fl:we_ln:zhang-155,Wei Zhang,US
fl:sh_ln:yoshida-64,Shigeyuki Yoshida,JP
fl:yo_ln:fukushima-28,Yoshitake Fukushima,JP
fl:ma_ln:konno-18,Masaki Konno,JP
fl:so_ln:noh-6,Soung Han Noh,KR
fl:yo_ln:jang-67,Young Jin Jang,KR
fl:ju_ln:park-79,Jun Yeon Park,KR
fl:hy_ln:kang-190,Hyung Souk Kang,KR
fl:to_ln:inoue-46,Tomohiro Inoue,JP
fl:to_ln:masuda-34,Tomokazu Masuda,JP
fl:hi_ln:tanaka-57,Hisashi Tanaka,JP
fl:so_ln:jeon-15,Soonil Jeon,KR
fl:yo_ln:kum-2,Youngbum Kum,KR
fl:na_ln:lee-94,Namwoo Lee,KR
fl:sa_ln:kim-515,Saehoon KIM,KR
fl:ju_ln:kim-557,Juhan Kim,KR
fl:su_ln:kim-456,Sung Do Kim,KR
fl:do_ln:lee-258,Dong Hun Lee,KR
fl:mi_ln:kang-35,Min Su Kang,KR
fl:se_ln:ryu-161,Seong Pil Ryu,KR
fl:ky_ln:lee-352,Kyu Il Lee,KR
fl:se_ln:kim-269,Seon Hak Kim,KR
fl:ge_ln:davis-46,George Davis,US
fl:ch_ln:linnel-1,Christopher Linnel,US
fl:cl_ln:zamorano-1,Claudio Zamorano,CL
fl:cr_ln:junge-1,Cristián Junge,CL
fl:be_ln:vera-2,Bernardo Vera,CL
fl:an_ln:flores-6,Antonio Flores,CL
fl:ma_ln:woods-18,Mark C. Woods,US
fl:ma_ln:woods-13,Matthew Woods,US
fl:ry_ln:vipond-1,Ryan Robert Vipond,CA
fl:da_ln:desrochers-4,Dayna Rae Desrochers,US
fl:mi_ln:haynes-1,Mike Haynes,US
fl:hi_ln:takaguchi-3,Hiroyuki Takaguchi,JP
fl:sa_ln:kikuchi-16,Satoshi Kikuchi,JP
fl:ta_ln:muramatsu-14,Takao Muramatsu,JP
fl:ch_ln:dubosc-1,Christophe Dubosc,FR
fl:je_ln:rubenstein-3,Jeffrey M. Rubenstein,US
fl:ro_ln:scalea-1,Robert S. Scalea,US
fl:te_ln:misu-1,Teruhisa Misu,US
fl:ma_ln:ghneim-1,Maher Ghneim,US
fl:st_ln:schondorf-1,Steven Yellin Schondorf,US
fl:jo_ln:schrepfer-2,Joerg Schrepfer,DE
fl:ch_ln:koetje-1,Christopher R. Koetje,US
fl:ev_ln:fischer-3,Evan Roger Fischer,US
fl:ro_ln:darrow-1,Rob Darrow,US
fl:ar_ln:sakarian-1,Artur Sakarian,US
fl:jo_ln:greiner-8,Joshua Greiner,US
fl:ry_ln:welch-4,Ryan Welch,US
fl:kr_ln:hellman-1,Kristin Ann Hellman,US
fl:an_ln:huebner-1,Annette Lynn Huebner,US
fl:go_ln:michie-1,Gordon Michie,CA
fl:je_ln:aftanas-1,Jeffrey M. Aftanas,US
fl:ge_ln:gomes-4,Gerald J. Gomes,US
fl:mi_ln:presley-1,Michael J. Presley,US
fl:dr_ln:stojkovic-1,Dragan B. Stojkovic,US
fl:jo_ln:hemphill-2,Joshua Robert Hemphill,US
fl:ju_ln:noh-24,Jung Uk Noh,KR
fl:yo_ln:kim-996,Youngkyu Kim,KR
fl:jo_ln:park-371,Jong Suh Park,KR
fl:an_ln:kuehnle-1,Andreas U. Kuehnle,US
fl:fe_ln:du-13,Feng Du,CA
fl:ja_ln:wisnia-1,Jack Wisnia,CA
fl:th_ln:reed-15,"Thomas Inard Reed, III",US
fl:th_ln:hlubina-1,Thierry Hlubina,FR
fl:ch_ln:delord-2,Christian Delord,FR
fl:yu_ln:kasuya-11,Yuji Kasuya,JP
fl:no_ln:matsumoto-15,Noboru Matsumoto,JP
fl:di_ln:reichow-1,Dirk Reichow,DE
fl:to_ln:galli-1,Tobias Galli,DE
fl:ke_ln:choi-9,Kee Hoon Choi,KR
fl:jo_ln:nilsson-12,Johan Nilsson,SE
fl:su_ln:bhattacharjee-16,Sudip Sankar Bhattacharjee,US
fl:ra_ln:rethinam-2,Ray Hari Manala Rethinam,US
fl:st_ln:pingston-1,Stephen Noel Pingston,US
fl:mo_ln:shenaq-1,Mohammed Shenaq,US
fl:al_ln:gurghian-1,Alexandru Mihai Gurghian,US
fl:sc_ln:myers-2,Scott Vincent Myers,US
fl:mo_ln:ahmad-21,Mohamed Ahmad,US
fl:li_ln:scaria-1,Lisa Scaria,US
fl:yu_ln:sato-33,Yuji Sato,JP
fl:ma_ln:okuhara-4,Masaaki Okuhara,JP
fl:ko_ln:kawamura-12,Koji Kawamura,JP
fl:ta_ln:hiraiwa-2,Takuya Hiraiwa,JP
fl:je_ln:coon-4,Jeffery Coon,US
fl:ch_ln:curtis-10,Chris Curtis,DE
fl:uw_ln:buelow-1,Uwe Buelow,DE
fl:ma_ln:boeddeker-2,Martina Boeddeker,DE
fl:mi_ln:goesch-1,Michael Goesch,DE
fl:eu_ln:riesen-1,Eugen Riesen,DE
fl:fe_ln:haenel-1,Felix Haenel,DE
fl:ru_ln:mihm-1,Russell Joseph Mihm,US
fl:os_ln:fukawatase-1,Osamu Fukawatase,JP
fl:at_ln:nakashima-4,Atsushi Nakashima,JP
fl:sh_ln:hayakawa-19,Shinji Hayakawa,JP
fl:ka_ln:abe-47,Kazuhiro Abe,JP
fl:ya_ln:miyata-13,Yasuhito Miyata,JP
fl:na_ln:higashimachi-1,Naoya Higashimachi,JP
fl:eu_ln:kim-138,Eungjoo Kim,KR
fl:ma_ln:matsuzaki-15,Makoto Matsuzaki,JP
fl:ko_ln:hayashi-25,Koji Hayashi,JP
fl:ma_ln:mages-3,Mark Mages,DE
fl:to_ln:umakoshi-2,Tomonari Umakoshi,JP
fl:ta_ln:saito-10,Takuhiro Saito,JP
fl:yu_ln:nagata-20,Yuya Nagata,JP
fl:ta_ln:osaki-14,Takahiro Osaki,JP
fl:do_ln:seitzer-1,Dominik Seitzer,DE
fl:mi_ln:kacprzak-2,Michal Kacprzak,DE
fl:pa_ln:gorecki-1,Pawel Gorecki,PL
fl:ra_ln:eljawahri-1,Raed Essa EL-Jawahri,US
fl:ma_ln:rao-32,Manoharprasad K. Rao,US
fl:ji_ln:le-6,Jialiang Le,US
fl:ro_ln:mccoy-3,Robert William McCoy,US
fl:hi_ln:kurata-11,Hiroyuki Kurata,JP
fl:yo_ln:hamada-15,Yoshihiro Hamada,JP
fl:ma_ln:summer-1,Matthew D. Summer,US
fl:pa_ln:bosscher-1,Paul M. Bosscher,US
fl:ja_ln:zimmerman-12,Jay Paul Zimmerman,US
fl:so_ln:tamura-1,So TAMURA,JP
fl:mi_ln:hoshi-3,Mitsuaki Hoshi,JP
fl:ko_ln:katahira-5,Kousuke Katahira,JP
fl:ge_ln:wuerth-1,Gebhard Wuerth,DE
fl:vo_ln:mehl-1,Volker Mehl,DE
fl:we_ln:quirant-1,Werner Quirant,DE
fl:mi_ln:kunz-4,Michael Kunz,DE
fl:ma_ln:leiblein-1,Matthias Leiblein,DE
fl:su_ln:jin-20,Sung Ho Jin,KR
fl:ch_ln:jeong-3,Choong Pyo Jeong,KR
fl:ke_ln:lee-171,Kel Seh Lee,KR
fl:do_ln:shin-36,Dong Hwan Shin,KR
fl:se_ln:lee-134,Seong Hun Lee,KR
fl:sa_ln:han-66,Sang Soo Han,KR
fl:ma_ln:bennett-22,Mark A. Bennett,US
fl:ju_ln:fujita-8,Junya Fujita,JP
fl:et_ln:watarai-1,Etsuyoshi Watarai,JP
fl:mi_ln:tauchi-1,Mitsuru Tauchi,JP
fl:gw_ln:du-2,Gwang Il Du,KR
fl:te_ln:cho-4,Teh Hwan Cho,KR
fl:je_ln:huh-13,Jee Wook Huh,KR
fl:pr_ln:muralidhar-1,Praveen Chitradurga Muralidhar,US
fl:ar_ln:thungagopal-1,Arun Prakash Thunga Gopal,US
fl:su_ln:varigonda-1,Subbarao Varigonda,US
fl:ja_ln:leonarski-1,Jaroslaw Leonarski,US
fl:vi_ln:sujan-2,Vivek A. Sujan,US
fl:ma_ln:funahashi-5,Makoto Funahashi,JP
fl:sh_ln:oya-4,Shojiro Oya,JP
fl:ko_ln:watanabe-31,Koichi Watanabe,JP
fl:yo_ln:suzuki-19,Yosuke Suzuki,JP
fl:se_ln:nobuyasu-1,Seitaro Nobuyasu,JP
fl:yu_ln:oshiro-3,Yuta Oshiro,JP
fl:yu_ln:iwase-5,Yuji Iwase,JP
fl:ke_ln:hata-11,Kensei Hata,JP
fl:ji_ln:zhang-343,Jintao Zhang,CN
fl:do_ln:yang-133,Dongsheng Yang,CN
fl:ho_ln:luo-35,Hongbin Luo,CN
fl:yu_ln:lian-4,Yubo Lian,CN
fl:ja_ln:schwanke-1,Jason Schwanke,US
fl:sh_ln:jade-2,Shyam Jade,US
fl:kw_ln:chung-22,Kwon Chae Chung,KR
fl:sa_ln:kim-33,Sang Joon Kim,KR
fl:il_ln:park-17,Il Kwon Park,KR
fl:se_ln:park-574,Seong Ik Park,KR
fl:jo_ln:oh-128,Jonghan Oh,KR
fl:yo_ln:kim-190,Yong Seok Kim,KR
fl:jo_ln:park-685,Joonyoung Park,KR
fl:an_ln:burt-4,Andrew E. Burt,US
fl:be_ln:nefcy-2,Bernard D. Nefcy,US
fl:ch_ln:lear-2,Christopher Alan Lear,US
fl:da_ln:colvin-3,Daniel Scott Colvin,US
fl:so_ln:park-137,Song Il Park,KR
fl:do_ln:kim-87,Do Hee Kim,KR
fl:su_ln:kim-882,Sungdeok Kim,KR
fl:ye_ln:kim-84,Yeon Bok Kim,KR
fl:hi_ln:kawashima-31,Hideki Kawashima,JP
fl:ta_ln:aizawa-14,Takeo Aizawa,JP
fl:ke_ln:koshiba-1,Kenji Koshiba,JP
fl:ma_ln:yoshikawa-43,Masato Yoshikawa,JP
fl:ta_ln:tanaka-107,Takaaki Tanaka,JP
fl:no_ln:kobayashi-52,Nobufusa Kobayashi,JP
fl:er_ln:lavoie-1,Erick Michael Lavoie,US
fl:ya_ln:suzuki-46,Yasuhiro Suzuki,JP
fl:ta_ln:kubo-37,Takashi Kubo,JP
fl:ya_ln:takaso-1,Yasushi TAKASO,JP
fl:ak_ln:watanabe-30,Akihiro Watanabe,JP
fl:hi_ln:yamada-79,Hiroshi Yamada,JP
fl:ta_ln:nanami-1,Takeshi Nanami,JP
fl:by_ln:you-11,Byungyong You,KR
fl:yo_ln:oh-80,Youngchul Oh,KR
fl:hy_ln:kwon-71,Hyoung Geun Kwon,KR
fl:my_ln:heo-9,MyungSeon Heo,KR
fl:ki_ln:shin-32,Kicheol Shin,KR
fl:ma_ln:ghannam-2,Mahmoud Yousef Ghannam,US
fl:ae_ln:dudar-1,Aed M. Dudar,US
fl:fl_ln:tseng-1,Fling Tseng,US
fl:pi_ln:tulpule-1,Pinak Jayant Tulpule,US
fl:ke_ln:follen-1,Kenneth M. Follen,US
fl:an_ln:puri-5,Anant Puri,US
fl:sh_ln:chen-142,Shih-Ken Chen,US
fl:am_ln:khajepour-1,Amir Khajepour,CA
fl:wi_ln:melek-1,William Melek,CA
fl:ba_ln:litkouhi-2,Bakhtiar B. Litkouhi,US
fl:re_ln:zarringhalam-1,Reza Zarringhalam,CA
fl:ro_ln:mariet-1,Robertus Christianus Elisabeth Mariet,US
fl:br_ln:cullinane-1,Brian Douglas Cullinane,US
fl:ma_ln:clement-2,Manuel Christian Clement,US
fl:li_ln:jonsson-1,Lilli Ing-Marie Jonsson,US
fl:ph_ln:nemec-1,Philip Nemec,US
fl:ik_ln:kitagishi-1,Ikuo Kitagishi,JP
fl:jo_ln:friedrich-12,Johann Friedrich,DE
fl:ma_ln:kroiss-1,Manuel Kroiss,DE
fl:ha_ln:peer-1,Hannes Peer,DE
fl:ch_ln:winkelmann-4,Christian Winkelmann,DE
fl:st_ln:drexler-1,Stephan Drexler,DE
fl:ma_ln:keschwarirasti-1,Mahmud Keschwari Rasti,DE
fl:ma_ln:o'donnell-12,Mark M. O'Donnell,US
fl:st_ln:schumacher-7,Stephen Harold Schumacher,US
fl:th_ln:taylor-16,Thomas P. Taylor,US
fl:ry_ln:knapp-1,Ryan W. Knapp,US
fl:ri_ln:allshouse-1,Richard A. Allshouse,US
fl:ch_ln:morris-8,Charles W. Morris,US
fl:jo_ln:sanfilippo-5,Joseph Sanfilippo,US
fl:ri_ln:moeller-4,Richard Moeller,US
fl:la_ln:weiland-1,Lars-Peter Weiland,DE
fl:ja_ln:sclare-2,Jacob Sclare,US
fl:st_ln:burns-13,Stephen R. Burns,US
fl:ze_ln:yi-2,Zehua Yi,CN
fl:yo_ln:kurokawa-17,Yoshifumi Kurokawa,JP
fl:no_ln:yokota-5,Norihiko Yokota,JP
fl:to_ln:ito-44,Toru Ito,JP
fl:na_ln:tagaya-2,Naohiro Tagaya,JP
fl:mi_ln:matsuno-4,Mitsuyoshi Matsuno,JP
fl:ay_ln:shimada-1,Aya Shimada,JP
fl:ko_ln:sawamura-1,Koji Sawamura,JP
fl:ma_ln:sakamoto-10,Masatoshi Sakamoto,JP
fl:re_ln:katakura-1,Reo Katakura,JP
fl:ta_ln:ito-105,Tadao Ito,JP
fl:re_ln:lucas-1,Rex Cameron Lucas,AU
fl:ca_ln:watson-3,Carl William Watson,AU
fl:re_ln:zogg-1,Reto Zogg,CH
fl:jo_ln:strobel-4,Joseph-Léon Strobel,LI
fl:to_ln:oya-10,Toshiaki Oya,JP
fl:de_ln:skellenger-1,Dennis B. Skellenger,US
fl:as_ln:chandy-1,Ashok Chandy,US
fl:ta_ln:kim-165,Tae Hong Kim,KR
fl:ke_ln:ogawa-19,Kenji Ogawa,JP
fl:ma_ln:endo-36,Masaya Endo,JP
fl:ta_ln:toda-20,Taizo Toda,JP
fl:ma_ln:takano-36,Masaki Takano,JP
fl:hi_ln:otake-16,Hirotada Otake,JP
fl:ma_ln:katoh-24,Masayuki Katoh,JP
fl:th_ln:roeth-1,Thilo Roeth,DE
fl:da_ln:kern-12,Daniel Kern,DE
fl:he_ln:lachmund-1,Heik Lachmund,DE
fl:th_ln:buschjohann-1,Thomas Buschjohann,DE
fl:ma_ln:tatsuwaki-2,Masaaki Tatsuwaki,JP
fl:ma_ln:mitani-14,Manabu Mitani,JP
fl:ka_ln:nakano-22,Kazuya Nakano,JP
fl:ko_ln:takahashi-48,Koichi Takahashi,JP
fl:sa_ln:katsuno-1,Sachiko Katsuno,JP
fl:oh_ln:zapataabdala-1,Ohster Edga Zapata Abdala,MX
fl:re_ln:choudhury-1,Rezaul Choudhury,US
fl:le_ln:jaworski-2,Leszek Jaworski,US
fl:en_ln:chavez-1,Enrique Chavez,US
fl:yo_ln:iwano-5,Yoshihiro Iwano,JP
fl:do_ln:knutson-4,Donovan Knutson,US
fl:bi_ln:wall-2,"Billy Russell Wall, II",US
fl:pe_ln:dill-1,Peter Dill,DE
fl:an_ln:schmitt-11,Andreas Schmitt,DE
fl:lu_ln:huber-7,Ludwig Huber,DE
fl:mi_ln:o'neill-11,Michael L. O'Neill,US
fl:ju_ln:urata-1,Junichi Urata,JP
fl:yo_ln:ito-49,Yoshito Ito,JP
fl:bu_ln:sasaki-2,Bungo Sasaki,JP
fl:ko_ln:ohno-12,Kohsuke Ohno,JP
fl:da_ln:winters-3,David J. Winters,US
fl:sa_ln:takaya-1,Satoshi Takaya,JP
fl:ta_ln:furuya-4,Takashi Furuya,JP
fl:to_ln:tetsuka-3,Toshio Tetsuka,JP
fl:sh_ln:mori-53,Shintaro Mori,JP
fl:ak_ln:inoue-21,Akira Inoue,JP
fl:yu_ln:nishikawa-16,Yusuke Nishikawa,JP
fl:sa_ln:shahana-1,Satoshi Shahana,JP
fl:to_ln:yamamoto-20,Tomohisa Yamamoto,JP
fl:hi_ln:urabe-7,Hiroyuki Urabe,JP
fl:mi_ln:kamiya-12,Mitsuru Kamiya,JP
fl:yu_ln:nishimoto-7,Yusuke Nishimoto,JP
fl:in_ln:alesina-1,Inna Alesina,US
fl:he_ln:brigham-1,"Henry Day Brigham, III",US
fl:ca_ln:brigham-1,Carter Michel Brigham,US
fl:ti_ln:curtis-4,Timothy Curtis,US
fl:pe_ln:allan-1,Peter Gerard Allan,GB
fl:jo_ln:machin-1,Jonathan B. Machin,GB
fl:ja_ln:edmunds-1,James R. Edmunds,GB
fl:be_ln:kfir-2,Ben Kfir,US
fl:ja_ln:morash-1,James P. Morash,US
fl:jo_ln:pompa-5,Jonathan B. Pompa,US
fl:ro_ln:damus-1,Robert S. Damus,US
fl:ri_ln:rikoski-1,Richard J. Rikoski,US
fl:je_ln:lizzio-1,Jeffrey Dominic Lizzio,US
fl:hi_ln:ando-20,Hideyuki Ando,JP
fl:sh_ln:ueno-29,Shusaku UENO,JP
fl:eh_ln:erell-1,Ehud Erell,IL
fl:am_ln:farber-1,Amit Farber,IL
fl:ia_ln:sheard-1,Ian Sheard,US
fl:ja_ln:dufour-2,James Edward Dufour,US
fl:br_ln:newville-1,Brian Newville,US
fl:ko_ln:terada-13,Kohei Terada,US
fl:st_ln:anschuetz-1,Steven M. Anschuetz,US
fl:ma_ln:henker-2,Mark W. Henker,US
fl:br_ln:poirier-6,Brian J. Poirier,US
fl:ry_ln:abellera-1,Ryan C. Abellera,US
fl:to_ln:dannenberg-1,Todd D. Dannenberg,US
fl:ya_ln:foltice-1,Yana V. Foltice,US
fl:ma_ln:burk-1,Matt R. Burk,US
fl:br_ln:maust-1,Brian G. Maust,US
fl:jo_ln:weber-30,John E. Weber,US
fl:ni_ln:alpers-1,Nick R. Alpers,US
fl:ad_ln:biery-1,"Addney T. Biery, II",US
fl:ma_ln:imasaka-1,Masashi Imasaka,JP
fl:ka_ln:kishimoto-14,Kazuya Kishimoto,JP
fl:hi_ln:maeno-7,Hitoshi Maeno,JP
fl:an_ln:poppe-1,Andreas Poppe,DE
fl:he_ln:benthien-3,Hermann Benthien,DE
fl:pa_ln:cojocaru-1,Paula COJOCARU,IT
fl:fr_ln:triulzi-1,Francesco Triulzi,IT
fl:st_ln:mortara-1,Stefano Mortara,IT
fl:ma_ln:apostolo-2,Marco Apostolo,IT
fl:pa_ln:basso-2,Pasquale Basso,DE
fl:be_ln:tomschke-1,Bernd Tomschke,DE
fl:da_ln:pitt-8,Dale M. Pitt,US
fl:je_ln:loyet-1,Jessica Loyet,US
fl:vi_ln:lignarolo-1,Vittorio Lignarolo,IT
fl:an_ln:tendola-1,Andrea Tendola,IT
fl:mi_ln:li-201,Ming Li,CN
fl:yu_ln:sun-209,Yumin SUN,CN
fl:lu_ln:weaver-1,Luby Weaver,US
fl:se_ln:tiwari-1,Sean Tiwari,US
fl:ca_ln:necci-1,Carlo Necci,FR
fl:ja_ln:lacourie-1,Jacques Lacourie,FR
fl:wi_ln:luce-1,William E. Luce,US
fl:re_ln:beringer-1,Rémi Beringer,FR
fl:di_ln:bertin-1,Didier Bertin,FR
fl:lo_ln:delorme-1,Louis Delorme,FR
fl:ro_ln:schmidt-23,Robert Kyle Schmidt,GB
fl:wi_ln:hinks-1,William L. Hinks,US
fl:an_ln:stubbs-3,Andrew Stubbs,US
fl:ol_ln:purwin-1,Oliver Christoph Purwin,US
fl:an_ln:prager-1,Andre Prager,US
fl:tr_ln:shannon-2,Trevor Shannon,US
fl:sc_ln:savian-1,Scott Savian,US
fl:co_ln:williams-21,Corey Williams,US
fl:sh_ln:claflin-1,Shawn A. Claflin,US
fl:ja_ln:hauser-8,James Brian Hauser,US
fl:je_ln:mckee-3,Jefferey M. McKee,US
fl:ro_ln:papke-4,Robert Papke,US
fl:ca_ln:bunea-1,Catalin Bunea,US
fl:da_ln:udriste-2,Daniel I. Udriste,US
fl:ja_ln:delagarza-1,Javier Valdes De La Garza,US
fl:kr_ln:khodjasaryan-1,Krist Khodjasaryan,US
fl:le_ln:fernandes-4,Leslie Fernandes,US
fl:ch_ln:rann-1,Charlie Rann,US
fl:pe_ln:lenkey-1,Peter Lenkey,US
fl:cr_ln:prevost-1,Craig Erwin Prevost,US
fl:st_ln:evans-35,Steven Evans,US
fl:dr_ln:hartman-1,Drew Hartman,US
fl:ti_ln:haynes-1,Timothy C. Haynes,US
fl:je_ln:hamel-11,Jeffrey Anthony Hamel,US
fl:ku_ln:murrow-1,Kurt David Murrow,US
fl:ba_ln:evosevich-1,Barbara J. Evosevich,US
fl:iv_ln:jojic-1,Ivana Jojic,US
fl:no_ln:wood-4,Norman Wood,GB
fl:su_ln:patel-24,Sunil Patel,US
fl:ro_ln:bayles-1,Robert A. Bayles,US
fl:lo_ln:hoegberg-1,Lon R. Hoegberg,US
fl:ma_ln:seger-3,Mark J. Seger,US
fl:we_ln:ralph-1,Wes Ralph,US
fl:ja_ln:harvey-20,Jason F. Harvey,US
fl:ga_ln:he-9,Gang He,US
fl:ja_ln:cobb-8,James M. Cobb,US
fl:ma_ln:desjardien-1,Matthew Ray DesJardien,US
fl:cl_ln:munk-1,Clayton L. Munk,US
fl:da_ln:day-2,Dan D. Day,US
fl:st_ln:best-9,Steven A. Best,US
fl:er_ln:reid-1,Eric M. Reid,US
fl:sa_ln:apdalhaliem-1,Sahrudine Apdalhaliem,US
fl:wa_ln:ashmawi-1,Waeil M. Ashmawi,US
fl:ma_ln:haeberlein-1,Matti Haeberlein,DE
fl:dw_ln:williams-3,Dwight D. Williams,US
fl:pa_ln:kawoczka-1,Paul W. Kawoczka,US
fl:ch_ln:malcolm-2,Christian Malcolm,US
fl:ar_ln:moncayo-1,"Arthur Moncayo, Jr.",US
fl:eb_ln:oral-1,Ebru Oral,US
fl:or_ln:muratoglu-1,Orhun K. Muratoglu,US
fl:br_ln:klem-1,Brian Klem,US
fl:jo_ln:fisher-32,Joseph M. Fisher,US
fl:ja_ln:kelso-1,Jamie Kelso,US
fl:ja_ln:carmichael-5,James Carmichael,IT
fl:ma_ln:ferri-4,Marco Ferri,IT
fl:ni_ln:veneziani-1,Nicola Veneziani,IT
fl:ro_ln:thorstensenwoll-1,Robert William Thorstensen-Woll,CA
fl:vi_ln:oliver-4,Victor Oliver,US
fl:su_ln:hana-1,Susan Hana,US
fl:da_ln:hana-1,David Hana,US
fl:li_ln:sytnik-1,Liviu Sytnik,BG
fl:he_ln:slack-1,Henry William Slack,GB
fl:tr_ln:faris-1,Travis Faris,US
fl:ja_ln:wuthrich-1,Jan Wuthrich,CH
fl:an_ln:geiger-4,Andreas Geiger,CH
fl:an_ln:vanoosten-1,Andries Van Oosten,NL
fl:ma_ln:groben-3,Martin Groben,DE
fl:ar_ln:pisarevsky-1,Arie Pisarevsky,IL
fl:jo_ln:gagne-1,John Gagne,US
fl:je_ln:jacobs-18,Jeff Jacobs,US
fl:jo_ln:spadavecchia-1,John A. Spadavecchia,US
fl:da_ln:kelly-50,Daniel E. Kelly,US
fl:ja_ln:favaron-1,James Favaron,US
fl:ch_ln:nowacki-1,Chris Nowacki,US
fl:ad_ln:vagnoni-1,Adrian Vagnoni,US
fl:si_ln:bosatelli-1,Simone Bosatelli,DE
fl:do_ln:winkler-2,Dominic Winkler,DE
fl:aa_ln:bentz-1,Aaron R. Bentz,US
fl:ik_ln:ozaki-1,Ikuko Ozaki,JP
fl:ta_ln:takashiro-1,Takeo Takashiro,JP
fl:le_ln:barton-10,Lewis Barton,US
fl:wi_ln:apps-2,William P. Apps,US
fl:se_ln:sumitomo-1,Seiji Sumitomo,JP
fl:ma_ln:mazza-3,Marcus A. Mazza,US
fl:pe_ln:leiss-1,Peter J. Leiss,US
fl:br_ln:johnson-99,Bret W. Johnson,US
fl:ph_ln:knight-7,Philip Knight,GB
fl:mi_ln:houlding-1,Michael Houlding,GB
fl:ti_ln:dzurik-1,Timothy C. Dzurik,US
fl:al_ln:szekely-1,Alex S. Szekely,US
fl:sh_ln:miyazaki-42,Shinobu Miyazaki,JP
fl:ar_ln:dauendorffer-1,Arnaud Alain Jean DAUENDORFFER,JP
fl:ni_ln:buckley-2,Nick Buckley,GB
fl:ha_ln:roth-5,Hans Erik Roth,DK
fl:gr_ln:young-19,Grant A. Young,US
fl:th_ln:young-12,Thomas R. Young,US
fl:hi_ln:nose-2,Hiroshi Nose,JP
fl:ma_ln:karasawa-2,Masahiro Karasawa,JP
fl:yu_ln:aoki-15,Yuji Aoki,JP
fl:st_ln:bisio-1,Stefano Bisio,IT
fl:pa_ln:poulin-2,Patrick Poulin,CA
fl:ch_ln:brett-1,Christopher Brett,GB
fl:ma_ln:whelan-6,Matthew Whelan,GB
fl:ro_ln:stadie-1,Robert Stadie,GB
fl:la_ln:lindbo-1,Lars Sverker Ture LINDBO,GB
fl:jo_ln:lert-1,"John G. Lert, Jr.",US
fl:ca_ln:ciliberti-1,"Carlo S. Ciliberti, Jr.",US
fl:mi_ln:palestini-1,Michael I. Palestini,US
fl:pa_ln:sullivan-13,Paul Sullivan,US
fl:do_ln:forgie-1,Donald R. Forgie,US
fl:ga_ln:gandhi-3,Gautam Gandhi,US
fl:wi_ln:hart-12,"William F. Hart, JR.",US
fl:th_ln:ullmer-1,Thomas Ullmer,US
fl:er_ln:walker-11,Eric Walker,US
fl:te_ln:eernissee-1,Terry Lee Eernissee,US
fl:ca_ln:alonsoramila-1,Carlos Alonso Ramila,ES
fl:ad_ln:lopezsanchez-1,Adolfo Lopez Sanchez,ES
fl:to_ln:kageyama-6,Toshiharu Kageyama,JP
fl:to_ln:shimada-9,Toshikazu Shimada,JP
fl:ta_ln:moriwaki-7,Takakazu Moriwaki,JP
fl:ku_ln:philipp-1,Kurt Philipp,DE
fl:la_ln:godard-2,Laszlo Godard,DE
fl:ma_ln:buschmann-1,Martin Buschmann,DE
fl:st_ln:fickeisen-1,Steffen Fickeisen,DE
fl:pe_ln:berdellehilge-1,Peter Berdelle-Hilge,DE
fl:ri_ln:ellis-14,Richard Ellis,GB
fl:mi_ln:newton-17,Michael Newton,GB
fl:pi_ln:hannessen-1,Pieter Gerrit Hannessen,NL
fl:yu_ln:tamura-34,Yuki Tamura,JP
fl:ke_ln:hirata-18,Kenichi Hirata,JP
fl:ma_ln:fischer-41,Markus Fischer,DE
fl:al_ln:gnan-2,Alfons Gnan,DE
fl:ta_ln:nakamura-96,Takashi Nakamura,JP
fl:ma_ln:matsumori-4,Masashi Matsumori,JP
fl:ke_ln:prinsen-1,Kevin H.J.R. PRINSEN,NL
fl:yo_ln:washino-1,Yoshiyuki Washino,JP
fl:ke_ln:samoto-1,Kenji Samoto,JP
fl:pe_ln:zou-1,Peng Zou,JP
fl:yu_ln:kubota-32,Yuuki Kubota,JP
fl:ta_ln:kobayashi-70,Takuma Kobayashi,JP
fl:ic_ln:kubota-1,Ichitaro Kubota,JP
fl:ta_ln:nakano-48,Takahiro Nakano,JP
fl:hi_ln:kubota-47,Hideyuki Kubota,JP
fl:hi_ln:sorita-2,Hiroyuki Sorita,JP
fl:ka_ln:kubota-19,Kazuyuki Kubota,JP
fl:ju_ln:nakajima-8,Junya Nakajima,JP
fl:is_ln:kondo-1,Isao Kondo,JP
fl:ei_ln:fukasawa-2,Eiji Fukasawa,JP
fl:ta_ln:saito-68,Takashi Saito,JP
fl:hi_ln:osada-11,Hisashi Osada,JP
fl:jo_ln:rhoads-2,John L. Rhoads,US
fl:wi_ln:bigbee-1,"William T. Bigbee, Jr.",US
fl:jo_ln:brockman-4,John Brockman,US
fl:mi_ln:vaniglia-1,Milo M. Vaniglia,US
fl:re_ln:talabi-1,Reza Talabi,US
fl:jo_ln:novotny-4,John Novotny,US
fl:sc_ln:richie-1,Scott Richie,US
fl:ya_ln:harvey-1,Yannick Harvey,US
fl:tu_ln:dam-2,Tuan Quoc Dam,US
fl:ma_ln:stanton-14,Martin P Stanton,US
fl:fr_ln:liu-23,Fred Liu,TW
fl:ay_ln:nagata-4,Ayako Nagata,JP
fl:jo_ln:anderson-71,John Anderson,US
fl:to_ln:gralewski-1,Tom Gralewski,US
fl:ta_ln:shiokawa-8,Tatsuya Shiokawa,JP
fl:ma_ln:ippolito-3,Massimo Ippolito,IT
fl:da_ln:marvin-1,Daryl J. Marvin,US
fl:ja_ln:hubbard-8,James L. Hubbard,US
fl:ha_ln:terry-2,Harold Terry,US
fl:st_ln:nichols-2,Stephen R. Nichols,US
fl:ge_ln:finkbeiner-1,Gerhard Finkbeiner,DE
fl:jo_ln:fembock-1,Josef Femböck,DE
fl:do_ln:haddix-1,"Donald E Haddix, II",US
fl:ig_ln:singur-1,Igor Singur,DE
fl:lo_ln:wilhelm-1,Lothar Wilhelm,DE
fl:th_ln:schneider-12,Thomas C. Schneider,DE
fl:ma_ln:wiant-1,Matthew Wiant,US
fl:pr_ln:david-1,Preston Fitzjarrell David,US
fl:ti_ln:bethuy-2,Timothy W. Bethuy,US
fl:ma_ln:hasunuma-4,Masahiro Hasunuma,JP
fl:ma_ln:kobayashi-60,Masamichi Kobayashi,JP
fl:mi_ln:gregory-11,Michael Gregory,US
fl:ta_ln:yang-80,Tai-I Yang,TW
fl:ca_ln:diaz-8,Carlos H. Diaz,US
fl:hs_ln:chen-276,Hsin-Ping Chen,TW
fl:sh_ln:shue-6,Shau-Lin Shue,TW
fl:ke_ln:goto-4,Ken-Ichi Goto,TW
fl:be_ln:stein-8,Benedikt Stein,DE
fl:mi_ln:stumber-1,Michael Stumber,DE
fl:ch_ln:schelling-1,Christoph Schelling,DE
fl:ju_ln:amthor-1,Julia Amthor,DE
fl:fr_ln:reichenbach-2,Frank Reichenbach,DE
fl:je_ln:frey-14,Jens Frey,DE
fl:jo_ln:reinmuth-2,Jochen Reinmuth,DE
fl:wo_ln:geiger-1,Wolfram Geiger,DE
fl:vi_ln:stavila-1,Vitalie Stavila,US
fl:le_ln:klebanoff-2,Leonard E. Klebanoff,US
fl:yo_ln:seiki-1,Yoshio Seiki,JP
fl:yu_ln:tanaka-49,Yukio Tanaka,JP
fl:hy_ln:abe-1,Hyota Abe,JP
fl:ma_ln:yonemura-10,Masanao Yonemura,JP
fl:ak_ln:sawata-1,Akihiro Sawata,JP
fl:ru_ln:smit-1,Ruben SMIT,NL
fl:ge_ln:sprachmann-2,Gerald Sprachmann,NL
fl:mi_ln:laningham-1,Michael Richard Laningham,US
fl:ve_ln:bhamidi-1,Venkateswarlu Bhamidi,US
fl:su_ln:chakraborty-3,Sumit Chakraborty,US
fl:ro_ln:hembre-1,Robert Thomas Hembre,US
fl:sc_ln:barnicki-1,Scott Donald Barnicki,US
fl:wi_ln:doolittle-1,William Alan Doolittle,US
fl:mi_ln:moseley-2,Michael William Moseley,US
fl:va_ln:prusov-1,Vasyl PRUSOV,UA
fl:vi_ln:diyuk-1,Vitaliy DIYUK,UA
fl:al_ln:zaderko-1,Alexander ZADERKO,UA
fl:ya_ln:yagi-2,Yasuyuki Yagi,JP
fl:te_ln:sasaki-12,Tetsuo Sasaki,JP
fl:mi_ln:hirose-4,Michio Hirose,JP
fl:ts_ln:watanabe-12,Tsunenori Watanabe,JP
fl:hi_ln:deguchi-5,Hiroshi Deguchi,JP
fl:pe_ln:ye-19,Peide Ye,US
fl:da_ln:wei-46,Dapeng Wei,CN
fl:xi_ln:xu-281,Xianfan Xu,US
fl:da_ln:jacob-4,David Jacob,IL
fl:ta_ln:nagahara-10,Tatsuro Nagahara,JP
fl:ma_ln:hayashi-48,Masanobu Hayashi,JP
fl:je_ln:yang-137,Jeff Yang,US
fl:ul_ln:mueller-1,Ulrich Mueller,DE
fl:fa_ln:oezkirim-1,Faruk Oezkirim,DE
fl:st_ln:maurer-2,Stefan Maurer,CN
fl:an_ln:parvulescu-1,Andrei-Nicolae Parvulescu,DE
fl:ma_ln:skrzypczak-3,Mathieu Skrzypczak,US
fl:ma_ln:maurer-7,Marc Maurer,FR
fl:ch_ln:jacquemet-1,Christian Jacquemet,FR
fl:ga_ln:roy-5,Gary Roy,US
fl:da_ln:chaiko-1,David J. Chaiko,US
fl:fr_ln:baczek-1,Frank Baczek,US
fl:ca_ln:eyzaguirre-1,Carlos Eyzaguirre,US
fl:to_ln:walters-1,Tom Walters,US
fl:sa_ln:rocks-1,Sarah (Sally) Rocks,US
fl:je_ln:owens-21,Jeffery Ray Owens,US
fl:de_ln:lovingood-1,Derek D. Lovingood,US
fl:my_ln:moon-6,Myoung Woon Moon,KR
fl:ta_ln:ko-5,Tae Jun Ko,KR
fl:he_ln:lee-30,Heon Ju Lee,KR
fl:ja_ln:linnig-1,Jan Linnig,DK
fl:mi_ln:laursen-1,Michael Laursen,DK
fl:da_ln:mlambo-1,Darlington Mlambo,US
fl:we_ln:cheng-136,Weiguo Cheng,US
fl:lu_ln:wanderleybratfischpace-1,Luiz Wanderley Bratfisch Pace,BR
fl:pr_ln:duggirala-1,Prasad Y. Duggirala,US
fl:ta_ln:bera-2,Tarun Kumar Bera,IN
fl:sc_ln:noland-1,Scott Noland,US
fl:bo_ln:elliott-1,Bob Elliott,US
fl:gu_ln:chen-344,GUAN-HAO CHEN,TW
fl:ad_ln:preiss-1,Adrian A Preiss,US
fl:me_ln:kroeker-1,Merle Kroeker,CA
fl:ma_ln:hildebrand-7,Martin Hildebrand,CA
fl:li_ln:ren-32,Lijun Ren,CN
fl:yu_ln:zhang-406,Yuyuan Zhang,CN
fl:sh_ln:an-4,Shuqing An,CN
fl:li_ln:zhou-23,Lingyan Zhou,CN
fl:gu_ln:doppelbauer-1,Günther Doppelbauer,DE
fl:th_ln:stoeck-1,Thorsten Stoeck,DE
fl:ha_ln:breiner-1,Hans-Werner Breiner,DE
fl:ma_ln:ettl-1,Marina Ettl,DE
fl:wo_ln:franke-2,Wolfram Franke,NO
fl:ch_ln:borchard-1,Christopher M. Borchard,US
fl:ch_ln:borchard-2,Charles A. Borchard,US
fl:st_ln:samudio-1,Steven M. Samudio,US
fl:gr_ln:evans-7,Gregory W. Evans,US
fl:ji_ln:famuagun-1,Jide Famuagun,US
fl:ma_ln:fox-26,Matthew G. Fox,US
fl:su_ln:xiao-4,Suo Xiao,US
fl:lu_ln:ju-1,Lu-Kwang Ju,US
fl:co_ln:li-13,Cong Li,US
fl:ko_ln:sato-29,Koki Sato,JP
fl:yo_ln:tomibe-1,Yoshimasa Tomibe,JP
fl:ma_ln:inoue-18,Masuo Inoue,JP
fl:ta_ln:kanagawa-5,Takaaki Kanagawa,JP
fl:ko_ln:kamiya-2,Kosuke Kamiya,JP
fl:ri_ln:clatot-1,Richard CLATOT,FR
fl:st_ln:maugendre-1,Stephane Maugendre,FR
fl:je_ln:nemire-1,Jerald D. Nemire,US
fl:yo_ln:tian-18,Yongjiang Tian,CA
fl:ju_ln:saaksi-1,Jukka Tapani Sääksi,FI
fl:pe_ln:lammi-1,Petri Lammi,FI
fl:es_ln:lammi-1,Esa Ensio Lammi,FI
fl:ja_ln:nieminen-4,Jarno Tapio Nieminen,FI
fl:na_ln:venkataraman-1,Natesan Venkataraman,US
fl:do_ln:noni-1,"Douglas Miles Noni, Jr.",US
fl:ad_ln:ellison-2,Adam James Ellison,US
fl:jo_ln:mauro-3,John Christopher Mauro,US
fl:ja_ln:frackenpohl-1,Jason Sanger Frackenpohl,US
fl:ma_ln:dejneka-1,Matthew John Dejneka,US
fl:ke_ln:burrows-4,Keith James Burrows,US
fl:ka_ln:myli-1,Kari B. Myli,US
fl:cl_ln:goodwin-2,Clare Jane Goodwin,GB
fl:jo_ln:ridealgh-1,John Andrew Ridealgh,GB
fl:ki_ln:cheetham-1,KIERAN JAMES CHEETHAM,GB
fl:an_ln:edwards-6,Angharad Naomi Edwards,GB
fl:ja_ln:alleman-4,James E. Alleman,US
ebqdbx485j2gxbvqepadmt9gv,Morgan Barrera Abney,US
fl:ry_ln:henkensiefken-1,Ryan Allen Henkensiefken,US
fl:al_ln:guzzetta-1,Alana Grace Guzzetta,US
fl:ra_ln:turpin-2,"Raymond C. Turpin, Jr.",US
fl:te_ln:ikebe-1,Tetsunori Ikebe,JP
fl:yu_ln:matsutani-1,Yuki Matsutani,JP
