company_id,name
a45783ae-9cec-49bc-bc2e-7b064aaa5907,Raytheon Company
c7fdbc77-28f0-4a1c-9f08-c13171f1009c,LS MTRON LTD.
5b722cc6-9d8f-46bd-83cb-7838a17e5201,"KOLON INDUSTRIES, INC."
b153659d-bd6c-4cfd-8241-d22de6410750,KAUTEX TEXTRON GmbH & Co. KG
7b1383b0-7643-4186-9c9a-c4d9f9e8156f,ZUBEX INDUSTRIAL SA DE CV
32e04930-7fff-4c0c-a861-989689853f13,TOYOTA SHATAI KABUSHIKI KAISHA
bbef70eb-0952-4b89-997a-54831dcadcd5,REYDEL AUTOMOTIVE B.V.
5f83d790-2a6a-421e-8d6c-6da6e6869187,Milwaukee Electric Tool Corporation
65aa142b-2a7a-4079-aae5-f99079ca9fa0,"Alex Toys, LLC"
4840cedc-7dcd-4aa9-9d62-ee877f7ef128,Xerox Corporation
b22caf70-0067-44a0-8f39-3fa0a0d85e82,"MARKFORGED, INC"
d6f138ea-5fbc-4de0-b58f-9080a787105f,BASF SE
533e0469-baac-46b7-9576-669db08092eb,"SAMSUNG DISPLAY CO., LTD."
65856b14-a97a-4c1e-bf85-4097056f3c1a,"EXTREME PACKAGING MACHINERY, INC."
49857f13-eee6-439a-93a3-c8542d2f4f97,Senvion GmbH
38cff6e0-fc52-4faf-9fa9-b72912600dee,Apple Inc.
d741637e-71a6-4101-a7db-0c2ba20a2958,The Boeing Company
6145eccf-2944-4bfc-8a82-e87bfce4d434,"PANASONIC INTELLECTUAL PROPERTY MANAGEMENT CO., LTD."
ab0e7b33-de4e-41f8-a553-ee4665499a2d,Hexcel Corporation
56e10b26-c03b-4492-893c-975d51dda8b7,Global Filtration Systems
8c40b2c4-17fd-462d-970e-4b8004ed1372,"SAMSUNG SDS CO., LTD."
4b8f021f-e3f1-4159-8372-29e1e3573a1e,KRONES AG
681bb272-dacd-4789-b8d1-1c43e9ed8fbf,3M INNOVATIVE PROPERTIES COMPANY
0cce7bd8-2978-4a18-b5aa-b0421f6c306e,"BANDO CHEMICAL INDUSTRIES, LTD."
42aa3260-365e-4cd2-ac81-60d2dd8b39bf,"TOYO TIRE & RUBBER CO., LTD."
cb611b09-7b38-4e94-bbe5-e2abf0385bd3,CORNING INCORPORATED
1d02968d-fe07-4a71-8252-5b0be2f62160,SCHULER PRESSEN GMBH
e52fc61a-feee-43ab-a512-472488bdd45b,Blueavacado. Co.
602124ed-f6fe-4577-9d55-4473302205cb,"Parric Ningbo Stationary and Gifts Mfg. Co., Ltd."
362446db-3f2c-46f3-866e-5fa0c12a1319,Teknor Apex Company
ca3ac0a6-f44b-45c7-8816-bc2b1d409e84,The United States of America as represented by the Administrator of NASA
2d98cfae-83e2-4f9f-b7c4-92b52fab8e9b,Dexerials Corporation
c9304d60-0b6d-46d3-a7b2-50ee84137bee,"Toyo Kohan Co., Ltd."
04a61266-6d17-4d03-9179-b30f925e473d,"Soliton, Inc."
735c04b8-c899-4bd5-ab68-049cedd2bdb4,"FLOORING INDUSTIES LIMITED, SARL"
23c78aca-f76f-47dc-b02a-427fb8adb6be,ALPI S.P.A.
d7f6b50e-a742-42c8-9517-4aeb06df3568,"Multi-Plastics, Inc."
cf41762e-9d22-44d1-a528-0fd8a53c5dbc,BOSTIK SA
d95cf81a-2270-41a7-ba3b-8cbc3f8be0cf,RENOLIT GOR S.P.A.
47b2aabd-0c46-41f8-a686-945e6fbb7d08,"KURARAY CO., LTD."
20ffa411-3945-4751-bcd9-8fcbaa20c810,"ROHR, INC."
0a2ca7a5-d6b5-4061-bfc1-6c70bae2aaf6,"Wuhan China Star Optoelectronics Technology Co., Ltd."
04eea1ee-4652-4f9e-a96b-dd1976991d93,AXIA ACQUISITION CORPORATION
b706eeed-11d8-4366-b3a5-22f8b3857333,GRACO INC.
1481abde-b340-42ae-9b11-c1e4b18f5a9c,EXEL INDUSTRIES
ff6a0dd6-ce8a-40db-91a8-6e93655b3a73,AIRBUS OPERATIONS LIMITED
af9aa769-6be5-43e1-af1b-175fd560d649,Palo Alto Research Center Incorporated
d159e322-a274-46e4-b162-9e29eddb0d09,"Goss International Americas, Inc."
d2d37e3d-a1f6-4c1f-bcf3-194e88d29eaf,KOENIG & BAUER AG
eee84928-75b7-4396-8fad-0a50f9f4bf7a,Heidelberger Druckmaschinen AG
da679ce6-cd5e-49ae-bb53-2690e30de4ef,HP SCITEX LTD.
877b4262-7552-45e3-adc3-c484b3095cf3,SEIKO EPSON CORPORATION
5b0b2179-927c-48dd-a8ee-211adb1d7e7a,"RICOH COMPANY, LTD."
03e1fca1-350a-41b3-8ce6-add7ac02372e,RISO KAGAKU CORPORATION
2f28e7d2-8060-422e-80ba-f1f2ccd96252,Videojet Technologies Inc.
7abcc22b-1633-49ae-a452-167e99701da1,TOSHIBA TEC KABUSHIKI KAISHA
a8a1556f-5686-4632-bbcd-097dad687c6d,ROLAND DG CORPORATION
7badc510-3cb4-45b6-acc4-6ac40a9bc036,"McKenzie Sports Products, LLC"
d1097181-f21f-4cfa-995a-7f16d587ea4a,"Hewlett-Packard Development Company, L.P."
4691872b-68a6-4a4f-b9a9-95c5df540cf2,"ELECTRONICS FOR IMAGING, INC."
416cb9d9-6ac0-4156-8441-bbc5f9c00c64,FUJITSU COMPONENT LIMITED
1548fb30-bae7-4aba-80da-e3dcf01b390b,Brother Kogyo Kabushiki Kaisha
4dbf79c6-cbb3-4fbb-a603-01e6cadac73f,"Dai Nippon Printing Co., Ltd."
f0be634a-e05d-473c-85a4-d92cc977cd76,"NIPPON PAPER INDUSTRIES, CO., LTD."
54f53184-4234-42ab-9de6-1966314c0b7c,UNIBIND LIMITED
036f4a7c-391f-4ba9-b1a0-3e6eff8cbe7b,MAGSEE GMBH
34a5190f-4937-487a-a583-90a10b0e9009,KABUSHIKI KAISHA PILOT CORPORATION
5f91f492-1976-4ca8-81b1-044d8485c1b3,BRIDGESTONE CORPORATION
7fa36de2-2f4b-4708-9b7e-cb2f05de7f85,"SUMITOMO RUBBER INDUSTRIES, LTD."
8981c35c-06bf-45ac-944d-c5c9cad7a904,RESEARCH & BUSINESS FOUNDATION SUNGKYUNKWAN UNIVERSITY
1918bc79-3bf3-4be6-8ea5-c5438e714ae2,Infineon Technologies AG
acbf564f-9c6c-42a5-ab44-802234d61e77,Huf Hülsbeck & Fürst GmbH & Co. KG
6a78a37f-23b8-469a-b1d6-698af50f766d,COMPAGNIE GENERALE DES ETABLISSEMENTS MICHELIN
03059fc6-184d-46da-bafa-c57c497e7d17,NEXION S.P.A.
f94290bc-7c0d-49af-9797-828af77eb9c7,GM GLOBAL TECHNOLOGY OPERATIONS LLC
8a03b7d9-0444-4dfc-9737-bf029c47a462,"FORD GLOBAL TECHNOLOGIES, LLC"
1f99e6e5-1de9-49ae-b056-ddd9612c0747,Tenneco Automotive Operating Company LLC
7fd570bb-8d88-4ad9-832b-532add7b7500,"HONDA MOTOR CO., LTD."
4779aa3b-357b-4969-8bde-d1227060304a,MAHLE FILTER SYSTEMS JAPAN CORPORATION
0bc189af-3eb0-4f95-9c77-b230b103c2cb,PANASONIC HOLDINGS CORPORATION
3603bc38-d35d-413a-b99d-007cfa49831b,JAPAN CLIMATE SYSTEMS CORPORATION
1d443c32-beaa-448d-b67c-2e60c804fd0a,DENSO CORPORATION
87a5b154-2721-40d4-ba53-0213a74e9b2d,"DENSO International America, Inc."
79e4fd67-e4fe-4c76-b62d-9a360beeceb1,Hanon Systems
e1184f58-2abf-4514-bc41-abe687741480,SHIROKI CORPORATION
d3c8a4a8-2c30-467e-ac35-41bdff21b4b8,"Agri-Cover, Inc."
f8408e94-960d-4f83-827e-deaa1d63d9d6,A.R.E. ACCESSORIES LLC
228e3d0e-4417-4f1a-95f4-7032ca4979cb,ZF Friedrichshafen AG
ab63516f-63bd-4d65-a440-0683deb6223a,NIFCO INC.
3fc185a1-f6a4-495d-90c1-7e61edd027f7,Stant USA Corp.
cb5367eb-ebac-459a-b013-d92860572522,"Nissan Motor Co., Ltd."
1647337d-4cd1-4e91-9167-aea8ba78dee6,KUBOTA CORPORATION
2576d873-c6b3-4109-948d-cc582495abb4,"Hand Held Products, Inc."
f68061b9-5827-43c8-8f62-33cae08b6d16,Siemens Aktiengesellschaft
87bbd77e-54e0-4d95-9c1b-7843963c09eb,TOYOTA JIDOSHA KABUSHIKI KAISHA
f2a26395-4a60-481e-8ba1-d8e39714ae3b,"Zoox, Inc."
2994b4fb-3c48-4a0f-88b7-08fdfcd4739a,"Hyundai Mobis Co., Ltd."
054151c1-dfc8-4b6a-b559-15e6d667e92b,"ADVANCED HIGH POWER MULTI (ACT/XE) SOURCE ENERGY SCIENCE-TECH CO., LTD."
3229dd75-9405-4047-afee-965c3bf05ce0,"Liberty PlugIns, Inc."
07e52f37-e09e-4e0f-a129-265b32c7eba2,XI'AN TGOOD INTELLIGENT CHARGING TECHNOLOGY CO. LTD
e8b67fe0-3270-4226-bfe1-37520a8b1ffa,Jaguar Land Rover Limited
f03635c8-6b6c-4f2b-bb6c-b52678f56aae,QUALCOMM Incorporated
2aa10b23-82f9-4c7a-bdf3-ad650ab22219,THE REGENTS OF THE UNIVERSITY OF MICHIGAN
3ddb14ba-a3c2-40bf-b430-8c39047a7205,Kia Motors Corporation
ea96c059-5267-4b52-ac70-4cd0915c519e,Hyundai Motor Company
3ea2dc97-f5aa-4931-a0d1-73f5370f56ce,SUBARU CORPORATION
bd1dc09e-e55d-4d1b-a297-f511767d5be6,MINETEC S.A.
565a44f1-a969-484b-8e86-0f4239f2f847,"MINATO SEIKI IRON WORKS CO., LTD."
3540c8a2-9758-4484-b21a-1fb0a0d19963,"KOITO MANUFACTURING CO., LTD."
66c4c20e-39aa-4e63-bfaa-0079f2b836b5,Valeo Vision
8221f7eb-ecf0-4dde-97e8-36912378bc43,"Advanced Sonic Alert Technologies, LLC"
cd318cdf-5adf-4eea-9308-d0b60f520ab9,Application Solutions (Electronics and Vision) Ltd.
a19c926f-cbe0-49cb-b208-3093b87853e7,"Magna Mirrors of America, Inc."
a56281a8-1c41-4480-b26a-6ed955d79aa2,Faraday & Future Inc.
2a0e2048-3b1c-414b-8f1e-82d7c22bf3cc,"JAC PRODUCTS, INC."
023f36b6-abbb-47f0-b2d3-55ed907227d2,Bendix Commercial Vehicle Systems LLC
20913463-3818-4a6f-a0cc-13b1f521e112,LIGHT WAVE TECHNOLOGY INC.
491ed4e9-453a-47a1-99c1-281da294ad84,RENAULT S.A.S.
5b9d262a-fd2c-4db6-a62d-96750ac9c9f7,CONTINENTAL AUTOMOTIVE GMBH
3837e75e-6c83-4c40-b1a9-8f9791f60e8d,Gestamp Hardtech AB
37c1ed9d-4dde-4045-8eab-583a112fcfbb,"TOYODA GOSEI CO., LTD."
191ae722-cdec-4e8f-86f4-55678ceaff11,JOYSON SAFETY SYSTEMS ACQUISITION LLC
a9fb0e97-631f-47e1-97a2-4d1dc139e34f,TAKATA CORPORATION
74c11be2-20ec-49fe-ac26-d839d375bd32,MITSUBISHI ELECTRIC CORPORATION
4063e1f8-22c6-44ca-96ce-67a6f439a148,TRW AUTOMOTIVE GMBH
2c48569d-7d8e-4c0a-9921-7c1b9c2003b5,TRW Polska SP.ZO.O
fdf798cb-8fb8-419f-b141-e7fde1150ac1,"SUMITOMO WIRING SYSTEMS, LTD."
77b0e539-7552-487c-8171-df9127f7fa66,"SUMITOMO ELECTRIC INDUSTRIES, LTD."
2bf3c48c-7d35-44c7-90a2-1cbc3a51d35b,"AUTONETWORKS TECHNOLOGIES, LTD."
91896e66-dfbb-4c89-8418-a0d710026e1c,HARRIS CORPORATION
1c631b96-8301-4819-bd8c-2e69e2ef6c76,Robert Bosch GmbH
ad7af80f-fd53-482d-b38a-fc23e03332b4,DAEGU GYEONGBUK INSTITUTE OF SCIENCE AND TECHNOLOGY
0c366465-e38a-4f8c-9292-e33ea65142e2,MANDOM CORPORATION
222264bc-5220-40eb-8a6e-a2d1088af14f,SHIMANO INC.
e7dc6a46-5a07-45ec-87b6-8a113ab02e99,Cummins Inc.
761899f6-0ac9-4937-8574-812df5d3ab00,BYD COMPANY LIMITED
97ed5df6-7345-49c0-b1b8-42a1ec75baf1,Waymo LLC
8120eeec-8a92-4590-95af-4cb6f59aee0f,Yahoo Japan Corporation
dae969ca-adf7-4da5-b74e-bd7f282a5e40,KES Keschwari Electronic Systems GmbH & Co. KG
40f7bea0-f776-45ca-819d-da1b334c84f3,Macton Corporation
ab16fe16-98b3-4d1c-9f4b-73980a1d118c,LOCKHEED MARTIN CORPORATION
093f35cb-2361-4acc-a8e4-a1b40112a5d1,"Tech Services Group, LLC"
97fe15c7-7a44-42f5-a7c3-3779aed26e91,NETZCH-Feinmahltechnik GmbH
dc178941-f35e-430d-968a-68bf72a27607,"KIDS II, INC."
65d93b64-cd51-4b38-8e27-44220f3a333c,WONDERLAND SWITZERLAND AG
0276feee-c989-4a65-998e-7099a0e80785,NSK LTD.
f8a675d6-b165-4331-b7b4-0d5d520ee462,"Yamada Manufacturing Co., Ltd."
93171645-3a55-48c7-b2d0-9e5c1d3a1a74,"FUJI KIKO CO., LTD."
c51bb3a2-f656-4229-9294-3320111781d5,
2893052b-d06d-43fd-8718-414fd0b190b0,THYSSENKRUPP PRESTA AG
dd402f86-45f1-4eb4-9298-8074d3a0c434,thyssenkrupp AG
f0d69823-17b7-4154-a98a-7ff25c89592b,JTEKT CORPORATION
89a8ed8d-dcaa-46eb-93fd-e8b6fed97f68,Steering Solutions IP Holding Corporation
2666ac0d-d5ad-4346-97de-acec7e230a94,KSM Castings Group GmbH
b94e5b04-59ec-4ba1-b0bf-39ad49e3428b,HYUNDAI TRANSLEAD
bd07bae1-0654-4ee9-9519-b109499f1898,Wacker Nueson Production Americas LLC
f51e537f-a4eb-45c5-b179-44ce918d4e16,"Wall Global, LLC."
8bf34cb9-024e-465b-8b08-bd89d90682ad,Röchling Automotive SE & Co. KG
3006c550-af04-49a6-be94-e08c33fee287,Joy Global Underground Mining LLC
b527909c-4c06-4196-a8f5-3d0c3301fb69,Schaft Inc.
524a078f-e500-4085-ab09-6d82ec85b864,YAMAHA HATSUDOKI KABUSHIKI KAISHA
67927c92-2fb0-4910-8040-5fcdf6334aea,KAWASAKI JUKOGYO KABUSHIKI KAISHA
871114e5-4449-4086-9a7a-1b9bf3e0f21c,"BRIGHAMFLOATS, LLC"
4291f292-35e3-425b-b78e-2b3e17385fdb,Birdon (UK) Limited
06feda91-b317-4433-b6ec-bc9852149c1b,UTEC Geomarine Limited
46a62846-d998-4852-a31f-5e865ef5fa36,"Hadal, Inc."
3344a94c-ed9c-4eef-bed6-4db204c76ba8,NIPPON YUSEN KABUSHIKI KAISHA
7d5947ad-5e45-497a-9c0f-ad44e5d2861e,ELTA SYSTEMS LTD.
f6c7988b-2a2d-4e38-98e7-e00ac589a5d0,"MRV Systems, LLC"
b4ec4fdd-ad18-4e9c-b28c-a5ff1b10959e,Brunswick Corporation
cb3e4fb0-80fb-4110-8684-4b563c54eee5,"Furuno Electric Co., Ltd."
d79a06a7-fbdc-4bbe-b42b-acf5f1c90544,SOLVAY SPECIALTY POLYMERS ITALY S.P.A.
2ec64109-bf39-4cbf-9442-3b422c227975,Airbus SAS
710b4e0c-73ab-4c3e-a4d7-634e18a3041c,MECAER AVIATION GROUP S.P.A.
5211a637-a7c4-4080-9d63-e1e7fd8306aa,AIRBUS (BEIJING) ENGINEERING CENTRE COMPANY LIMITED
20b2503c-621c-4bd8-9273-400eb5b60e38,SAFRAN ELECTRONICS & DEFENSE
26660a93-f557-464d-a14f-35dfb41cad86,SAFRAN LANDING SYSTEMS
e6c47bb5-1ef6-4293-b853-afad0b4e8a13,GOODRICH CORPORATION
7e4a8819-619c-4224-b780-01611cf4ae18,Beringer Aero
62e9f5ad-a914-451e-b056-8de4e9d3f8b7,AIRBUS HELICOPTERS
aacb4343-7f79-49ed-b545-6adfc3f39c2e,SAFRAN LANDING SYSTEMS UK LTD.
ee19b405-e8a2-4bfe-8aa1-9f8fe50d3be7,"Amazon Technologies, Inc."
7e0091d0-3a24-43b4-b250-f7a0049ecb80,X Development LLC
7cac4f5f-80c1-4f7f-b74e-17aa91e4ad03,"C&D ZODIAC, INC."
79b7e1b7-26f6-4881-bffc-f8ab73102a2c,"B/E AEROSPACE, INC."
76b79e1b-95a7-4b16-b2a4-e6c64a1c334b,Senior IP GmbH
b904f566-62d6-44a5-8689-7b5c5a3a1a19,General Electric Company
d67a2671-7ba2-4525-a2b4-c52e054ace9a,HAMILTON SUNDSTRAND CORPORATION
1b7df2b5-6ba8-45e7-978f-a91d69bf49be,HONEYWELL INTERNATIONAL INC.
8594bcb1-45a8-4fb0-9491-81e88f7a478e,AIRBUS DS GMBH
7fce9e9e-dff7-4d40-9f87-35d29249359a,Altria Client Services LLC
c5602ed1-50d4-4ebd-87b5-150e0997b172,"Direct Pack, Inc."
6d57574a-aff9-4375-8781-79bd87aa1d06,The General Hospital Corporation
b732b2a1-190c-44ba-b24c-685ff9e4ef90,ILLINOIS TOOL WORKS INC.
754f7b41-7838-44a2-8142-f6f4f59425cb,NORTH ZION MANAGEMENT LLC
3bfeb832-4c94-42b8-90e0-bcfb56eb7bc4,SIDEL SPA
3f883863-0fe5-4718-9a66-0497c0e69d41,"Selig Sealing Products, Inc."
bfa3f832-81c5-41b3-9e04-cc80ac33ff87,Obschestvo s ogranichennoi otvetstvenostju “Mistral Alko”
559a46d3-95cf-4fb9-9398-c3200f25ba9b,Frugalpac Limited
c8e7fb2c-9f2a-40fb-bc49-ee60e8c5b672,HOFFMANN NEOPAC AG
c48f1e01-dd3b-4e68-bc26-fa4a8c2c7c1a,Ardagh MP Group Netherlands B.V.
7c01c518-472b-465d-9936-cac4714b2ef8,HYDAC TECHNOLOGY GMBH
d529987e-1cd9-4a30-ae1a-284ec1d6bfad,Polymer Solutions International Inc.
8eb00c93-9cd7-4da7-9dae-7fa84fbbd6f0,"Bemis Associates, Inc."
108df34e-1b79-4d31-b811-4508bd33dfb7,"MUPACK OZAKI CO., LTD."
7fbc4fa8-159b-4592-9e69-f7ec996b89eb,"BARTON GROUP, INC."
605c514d-5acc-4c4e-9bd1-69d8b96eaee4,Rehrig Pacific Company
15396827-1340-4368-866f-bf9007f43098,Kyocera Document Solutions Inc.
3d3e5d35-7538-4a92-9a4b-79abd0d5b03f,Laminar Medica Limited
83721e38-b6c1-4335-9def-2b387407a5ea,"Plastek Industries, Inc."
5d4f358a-1d7b-49f2-b132-6bb9c2cfd725,Tokyo Electron Limited
e5525ef5-e05a-4eb8-8947-d38322da6fd4,BRØDRENE HARTMANN A/S
02e942f4-5e23-4a94-b07c-708aad6333ff,BISIO PROGETTI S.P.A.
eb3809fe-ff91-49b9-870b-07327f392dde,ZOETIS CANADA INC.
16f24e7b-4b22-4101-a205-9c1f259c4511,Ocado Innovation Limited
6bfaad21-3fe9-4076-beb2-c810d21bee84,"Alert Innovation, Inc."
7a2a9b74-f001-4054-b105-83b7c9d1f62d,"PEMCO, INC."
78af88b3-f07b-44af-aa34-73ef0c20e87f,"FAGOR ARRASATE, S.COOP."
a637a1ae-00dc-4fdd-9d39-256389094e27,"ISHIDA CO., LTD."
f404c0b7-7071-4755-80ee-557500c58378,ROTZINGER AG
24c01261-a6a2-4746-af0f-66a92be76b2f,Joseph Voegele AG
b976c8af-ba58-4e9f-b4a5-3e1377e685b3,QIMAROX PATENTEN B.V.
29e8ca83-20e6-45ff-96e7-f4d9bd893607,BHS CORRUGATED MASCHINEN- UND ANLAGENBAU GMBH
60d35f61-e620-42d9-85f0-e6b930411b2b,OCÉ-TECHNOLOGIES B.V.
e738f13e-85d9-4790-a3a5-f56afc3b6fc1,CANON FINETECH NISCA INC.
d19f7315-26c5-4e86-b5e3-9be7bbfa1261,Encore Wire Corporation
977b2c67-8209-4c56-b2b6-7d6b425523e0,"FIVES MACHINING SYSTEMS, INC."
afe57124-9a3d-416f-a5d7-bc566532552d,"TETRA Technologies, Inc."
6be695ff-f0db-448c-a2d3-042ab3283b97,"Worldwide Machining & Welding, Inc."
54dc0321-67ad-414e-a2ce-b5f5676e22e0,KITE GEN RESEARCH S.R.L.
80cfee41-71d4-4cda-8abb-4075fd768b44,OTIS ELEVATOR COMPANY
808e12ad-6f91-48f0-87e0-c3b595514af8,
18d5918a-cce2-4d6b-89cb-6832770f6b13,"HOIST ALL, INC."
0bed6263-59b4-4070-9d43-3927311dd9e2,KHS GmbH
184fc64b-aaf5-44a7-b2bd-dfec4e6d7db5,"Ecowell, LLC"
5425d74b-0e26-4496-9dd4-669ba665d248,"Surpass Industry Co., Ltd."
88c962da-6df3-4f86-85ba-14c24c3cb600,"Taiwan Semiconductor Manufacturing Company, Ltd."
3c2ccbb6-2205-4442-8987-441d85f71d67,NORTHROP GRUMMAN LITEF GMBH
0f76066f-653e-4489-a56a-99c90bfffed4,"National Technology & Engineering Solutions of Sandia, LLC"
4f87fefb-2763-4236-ab35-57bee381a0fd,SHELL OIL COMPANY
d4286989-7501-4e2c-9d01-bfab4107b3fc,Eastman Chemical Company
16e09015-6f15-48e8-833c-0147a774438a,GEORGIA TECH RESEARCH CORPORATION
d5c16d3b-fe6d-438f-a46a-eed9d9a6b3b1,"The Kansai Electric Power Co., Inc."
4e61fd34-7bff-47a0-a2e1-edb2b7b4826b,PURDUE RESEARCH FOUNDATION
3460c230-9de9-4732-95e6-61200ea9ba56,IsraZion Ltd.
26bf7fa7-3704-4263-b7d8-33206935e460,AZ Electronic Materials (Luxembourg) S.A.R.L.
b8dfc333-ed0c-4e66-9923-4f2f6ba7a38a,OMYA INTERNATIONAL AG
8d178ce8-7789-4009-ad3a-6e1578cf8337,COATEX
dbaeafee-078a-43e7-9af4-47a39bb94118,FLSmidth A/S
c71fa1eb-230f-4410-a8ce-868bf70d0b13,United States of America as represented by the Secretary of the Air Force
32af5781-1f17-4d64-9a62-521c1f397b70,Korea Institute of Science and Technology
c747b907-4e2b-4723-bcd2-b6958616ab8a,DANFOSS A/S
6ca11cca-066f-4f69-990a-dafa1665ef9d,ECOLAB USA INC.
da440cd3-9809-44c0-9f9e-da39625672e0,"Remediation Products, Inc."
1d4634f9-8337-450e-9474-b9f534aa8219,"Quality Pure Co., Ltd."
3aee6da5-d0fc-4ad5-9310-091125eef3f1,NANJING UNIVERSITY ECOLOGICAL RESEARCH INSTITUTE OF CHANGSHU
e95c4659-e889-45db-9621-e63e8eb53418,YARA INTERNATIONAL ASA
f2d1479b-0745-4dc6-be27-134e1b3e11b8,New Wave Industries
d46b77b1-bec7-4519-a9ac-5372d1d8a184,"EQT IP Ventures, LLC"
cb3d31d3-669f-4e6c-a788-30886ebf205e,THE UNIVERSITY OF AKRON
30211f56-d5f7-4eea-927e-1ae960f29170,"METAWATER Co., Ltd."
d59f81fb-3f39-41ab-8fa6-028af37702c3,SAINT-GOBAIN ISOVER
26413b1f-e08f-4576-a5ce-5c2d37650c9e,Owens-Brockway Glass Container Inc.
5ae231ff-c153-4410-aaf4-2f3d9c87a2a6,ICESUN VACUUM GLASS LTD.
fd3d8d73-9f4e-4eaf-98c3-138894dd384f,TAIFIN GLASS MACHINERY OY
95838abe-68dc-4b13-aada-c72b2ad13949,Cardinal CG Company
2ac33ec4-c101-4e73-b369-d7c5ed681514,Pilkington Group Limited
e3275ff7-65e8-4f76-bd4d-db7033d48bdb,The United States of America as represented by the Administrator of the National Aeronautics and Space Administration
f61fe707-a96f-4a90-9f8a-edbafb71b7d3,"US Concrete, Inc."
391165c9-dd71-4a3b-a0a8-ead9a8ff2fdd,NIPPON STEEL & SUMITOMO METAL CORPORATION
411734f0-1260-4d61-8080-c08ad6f2e7e3,BPB Limited
d17dd399-4d91-407f-b686-459438d5db37,REFEL S.p.A.
64d6ca58-c72c-472b-9e47-a55973dfe7ca,Refractory Intellectual Property GmbH & Co. KG
05fb44e9-52ed-4e34-8473-d10394362cfc,TaeguTec Ltd.
1d86631c-e613-463d-8b25-9c1255e49c45,KING FAHD UNIVERSITY OF PETROLEUM AND MINERALS
81b60343-1089-453f-a31f-e28c6ff26471,"CoorsTek, Inc."
107b2e7c-f2e6-4bae-b321-be71f128ada7,"IXYS, LLC"
95440980-f246-43e8-ba3c-c96311630193,XITEBIO TECHNOLOGIES INC.
4b7da54c-b5b5-4ca2-b65f-7942fdd905a5,BOKASHICYCLE NVC LLC
d5f2b1cd-9974-4de9-b76a-b5bf8b46c5e6,Whirlpool Corporation
55054898-6f4b-4846-95d5-6435aece606f,IFP Energies nouvelles
a8ff5b01-5396-4174-bd3b-0245cf192b9b,"The United States of America, as represented by the Secretary of the Navy"
41a2bf1a-8afe-4b78-a2c7-040ac6a9987a,"GRUPO PETROTEMEX, S.A. DE C.V."
bec81223-c3d2-4a58-a405-a45962f42ad3,"SK Innovation Co., Ltd."
b34f726f-c6f5-4e9c-b39b-3be08fd1e36a,Akzo Nobel Chemicals International B.V
9ec00d73-7763-49f2-bbc6-277a0288371b,B.R.A.I.N. Biotechnology Research and Information Network AG
1a7ba982-b7ee-471c-813a-457839a13730,ARKEMA FRANCE
b84319ea-3eb9-4374-bfc2-a8445d679e8b,EVONIK DEGUSSA GMBH
3ce3b54a-bdbd-4b73-ac55-cbabc845e9b4,Trent University
f67f7503-8d29-45d4-898b-1aa15d14a5f3,Ohio University
bf36fee7-53f9-4caf-9d3a-92abb4f2c04d,"UNIMATEC CO., LTD."
ea9b3e84-48ba-47ec-8903-1e151eab97c6,Merck Patent GmbH
7b3a3311-a503-4c38-8523-4041dc0bbe29,ALLNEX BELGIUM S.A.
aff59855-e1cd-4810-b136-18c3a1a847bd,NITTO DENKO CORPORATION
282b49fb-2e0e-48b4-896a-db3cdf066ab6,EAST CHINA UNIVERSITY OF SCIENCE AND TECHNOLOGY
db8db963-cc59-44ec-b4b4-0b6fc768d731,Kancera AB
15dab51e-5b68-4017-be03-a990ed1b392a,"OTSUKA PHARMACEUTICAL CO., LTD."
0ed7db0d-4cee-441e-aaa2-4452443ac0e4,SRI INTERNATIONAL
b7b2eabd-0875-449f-b04c-82b6b5bf6d81,University of South Florida
54991813-eacc-485c-846e-0d97352c62ca,Northwestern University
fc8ce78e-89bd-46f9-a1be-876874b1ecef,Virginia Commonwealth University
5ed35e81-c079-4e8d-81c8-66eb133562c3,Merck Sharp & Dohme LLC
31329700-d88c-44c1-af1a-a2c25b7bafc6,"Salzman Group, Inc."
cfbe3073-5fb8-4a64-95d8-ced1a2e1188f,"AMIRA PHARMACEUTICALS, INC."
95c17e69-7d40-4b70-a679-7aabf5072379,INSTITUTO MEXICANO DEL PETRÓLEO
4f9b80c7-483b-4f62-aa60-270ffcaa94aa,"SUMITOMO CHEMICAL COMPANY, LIMITED"
d78de1dd-210b-4044-b82f-0b9079527a17,"EPIGEN Biosciences, Inc."
cefc8d48-d0db-49b8-b8fc-0c8f3d704312,Thomas Swan & Co. LTD.
99e7c805-e4f5-4328-8486-c799383c6640,SWIMC LLC
b5ac98b7-7d2d-4a11-88f2-7dbae02fd5b9,"UBE INDUSTRIES, LTD."
374174a9-6936-40a0-a7d5-a7b96f3460e4,PAION UK LIMITED
56d31b59-a481-484b-aa34-04f67a96f3f5,"Mycovia Pharmaceuticals, Inc."
8a438460-04ed-45b1-a90e-556928dbc9fe,U.S. Department of Health and Human Services
2ebba3c5-ebc0-4f3b-b91b-262d86c832e1,BRISTOL-MYERS SQUIBB COMPANY
712e9af8-13e3-4b25-9e1d-803b45cd8f81,Dyomics GmbH
3f2e8d11-c60e-4ba2-8202-f27731d63cb9,"Pierce Biotechnology, Inc."
8ff0736b-4451-4b45-a26a-9edf0d6c7638,Takeda Pharmaceutical Company Limited
62da1b57-3b57-4131-9a22-c4e02485bc35,Duke University
9c1ff8bc-4516-42cc-8c52-bd100f68f2ac,"ASYMCHEM LABORATORIES (TIANJIN) CO., LTD."
0f0460d2-6101-436e-a167-db4bb76a6f9b,"JILIN ASYMCHEM LABORATORIES CO., LTD."
cddd882c-57d5-4ae4-82c7-16dbdfa52de8,"ASYMCHEM LABORATORIES (FUXIN) CO., LTD."
d67c4a57-5e32-4946-94fc-731c81f6f074,"ASYMCHEM LIFE SCIENCE (TIANJIN) CO., LTD."
7066f6bf-2506-4648-91e8-4ccb7e98d80d,"TIANJIN ASYMCHEM PHARMACEUTICALS CO., LTD."
53ec5711-d131-4eae-96d6-a4f734cd597f,RESPIVERT LTD.
0cf48b4e-7fb2-4718-bc4b-f9316db9d8bd,"Transitions Optical, Ltd."
0c160b17-3bc0-4935-9b42-d7efae1f7a94,Janssen Pharmaceutica NV
e156422f-83a9-4a84-bf1c-12ca5c073716,MUSC Foundation for Research Development
cd53d80c-584e-47c9-a2a4-c1d62c2621aa,PURDUE PHARMA L.P.
0ae2b86d-756f-4802-b90e-468c0c68d012,"KAKEN PHARMACEUTICAL CO., LTD."
5f8b77e1-5974-453f-81be-f4a477a8495e,Indivior UK Limited
f324b245-d9ee-4285-bd81-177d87354b40,"Dana-Farber Cancer Institute, Inc."
2177dec3-5ecf-445e-afaf-9250b3936aae,"Agios Pharmaceuticals, Inc."
e67f7f78-5605-40c9-b647-c281533367cd,VERNALIS (R&D) LTD
c437739f-5caf-410e-98ee-a05aeade9249,Origenis GMBH
1efcb51a-cb47-4a4b-b8ab-1747fac7880e,"Beth Israel Deaconess Medical Center, Inc."
cefc56ec-e231-4f5e-b58d-9bef83c4bcfc,"Kineta Viral Hemorrhagic Fever, LLC"
741cd94c-f327-43e1-96bc-a576e560b921,eFFECTOR Therapeutics Inc.
ad792ebb-0032-4c12-bab4-6bfa8f84fd6c,GlaxoSmithKline Intellectual Property Development Limited
6a83f076-7e5d-4134-a899-95970c847778,Blueprint Medicines Corporation
82e98e34-7196-4412-be68-1b61b1085daa,"MEIJI SEIKA PHARMA CO., LTD."
26d14adb-bc28-44da-a695-0f5d155de867,"OPKO Health, Inc."
c30048ca-fc39-4cf6-925b-3c418ae85d5d,Sloan-Kettering Institute for Cancer Research
5bc880cc-b613-492d-9697-5dfbe999254a,"FORMA Therapeutics, Inc."
c6257a2e-f03b-4895-aebc-004d2414da97,UCB BIOPHARMA SRL
ae5adee3-5a3e-4fe5-a222-5bc265c2666a,"Katholieke Universiteit Leuven, K.U. Leuven R&D"
4534cf12-5295-41d5-9fec-f8b78a2a1087,Duquesne University of the Holy Spirit
ea543a19-e0f2-49d2-a07a-31979f6350e0,Promega Corporation
7aebffc8-c7f6-4d0d-b661-a27983a7f654,Janssen Sciences Ireland UC
e0f1ff12-ec1b-436b-8bf9-e723858e8a6a,"JIANGSU VCARE PHARMATECH CO., LTD."
72acc50f-79a9-4681-9edd-d2163febe47c,Incyte Corporation
b61e22a3-4786-4308-aa49-7cbde59501c9,"SHIONOGI & CO., LTD."
1ab4b01a-7ca9-400d-b983-7f62ba47ad01,GLADIUS PHARMACEUTICALS CORPORATION
b3e4bd70-b057-4575-aaaf-e665803cde2a,HOFFMANN-LA ROCHE INC.
f4534d68-58ee-4607-947c-d8b77375e377,TUBITAK
35480b43-47f5-4c66-b16b-64e441db4ce0,NATIONAL INSTITUTE OF ADVANCED INDUSTRIAL SCIENCE AND TECHNOLOGY
ac853623-5a99-45be-94e6-c4915fa768f4,"Shin-Etsu Chemical Co., Ltd."
c13d7573-c5e5-4622-8a6f-dc727383c685,"KYUSHU UNIVERSITY, NATIONAL UNIVERSITY CORPORATION"
1b130916-6319-4d8b-808b-638f6845fe01,"Achillion Pharmaceuticals, Inc."
969ad733-4b23-4eb4-b148-3bb95ce1ca51,UNIVERSAL DISPLAY CORPORATION
57c5b228-2d9b-4f65-904b-26424a4558a9,GE HEALTHCARE AS
28f7bd36-5469-43fe-b4e1-539d97102a02,GE HEALTHCARE LIMITED
9cb06b5f-c4b9-4a04-984d-8fd8d90c1526,THE QUEEN'S UNIVERSITY OF BELFAST
ce74c071-8b39-4153-83bb-1bd917309b45,ChromaDex Inc.
af5c1081-2d5b-4ea8-8675-beb0164749e7,"NUCORION PHARMACEUTICALS, INC."
f3efecc4-71b7-48d1-aeea-bd7537db2c7a,Ligand Pharmaceuticals Incorporated
664e76f8-53d5-4f1f-99c0-4d3835317eb6,"Atea Pharmaceuticals, Inc."
02a49f1d-19ae-4236-8782-2410edb8682c,DONESTA BIOSCIENCE B.V.
e3c68e78-2ab8-4222-922c-6d0dbf44971b,"ReveraGen BioPharma, Inc."
895aa595-0bdd-4437-91d0-a35695d4a7c0,Dr. Falk Pharma GmbH
e4d9f323-acf9-4a0b-adbc-81c1c2f2e6ab,Council of Scientific and Industrial Research
35717acb-7566-431d-a76b-6becdd7fb368,ALBIREO AB
04aa84e6-11ce-4b28-aa13-d6ccb5f25e68,"Millennium Pharmaceuticals, Inc."
1f71083f-02c9-493f-87a4-7055c100731f,"H. LEE MOFFITT CANCER CENTER AND RESEARCH INSTITUTE, INC."
ee08c552-6dd6-4228-9f5c-e7c3b634103b,"Alexion Pharmaceuticals, Inc."
c3a5cc28-8840-4deb-8a32-342a07fea443,Immatics Biotechnologies GmbH
1c61d0a1-2219-4521-8f7c-e7ebf38a684b,"CAREGEN CO., LTD."
4bfd9d83-10ab-4b46-b0b3-cb7f0ed81393,POLYPHOR AG
9272127a-3c65-452a-8d24-41e21997235d,Technische Universitaet Dresden
8b8145db-7813-4fb1-9348-fadc8dc80042,DSM IP Assets B.V.
2a1f7c66-5af2-48ad-b98b-099bd1e78f7c,LABORATORIES LETI S.L.
2d115ccc-959c-4bf3-b520-9c3237a15f77,"The Florida State University Research Foundation, Inc."
d5ebeb23-9831-4c6b-9c34-0fb2395cc1a8,"CHENGDU HUACHUANG BIOTECHNOLOGY CO., LTD"
d8828bf1-d252-48eb-a3c6-407584bac108,Novo Nordisk A/S
02f21059-f8cc-4f7e-9cee-ecfd35bdb268,Amunix Operating Inc.
c852a47e-f542-4c47-acd0-0020449e171f,BIOGENOMICS LIMITED
24135334-fe03-4808-b87a-a5ded4d2f7ce,UNIVERSITE DE PARIS DESCARTES
c21ecc25-b33d-4f2b-8382-c382d3b5d393,Institut National De La Sante Et De La Recherche Medicale (Inserm)
d644dd23-fb50-4779-9e83-304247bb3ebc,"HEALTH RESEARCH, INC."
24770c94-7830-432d-94ef-bfa28775b740,Immatics Biotechnology GmbH
a1d7a6e7-e246-48b1-bb47-01becc9cbf43,CONSEJO NACIONAL DE INVESTIGACIONES CIENTÍFICAS Y TÉCNICAS (CONICET)
40ccbc9c-d0c5-40ab-83b6-5cab71ecbe95,FUNDACIÓN SALES
5a732922-375c-4e14-9a9b-91a5864fba6d,INIS BIOTECH LLC
3ddfdd14-3667-454b-aef3-b8e2601d668b,KAHR Medical Ltd.
aa877a06-8815-498a-9fbd-a56a0199cce0,HADASIT MEDICAL RESEARCH SERVICES AND DEVELOPMENT LTD.
abc42262-d181-4fc9-a08b-bb4e675b2ebe,APOGENIX AG
acb86cf3-edca-4f76-b2b8-986aa17921c2,Protalix Ltd.
8cc2701d-1308-41bb-89f3-d80d97cf4321,"Viela Bio, Inc."
486914ea-74ad-4f84-afad-74f5cdf28b4a,Osaka University
147a8be4-b9a1-4d03-8101-cafbc36d5422,"SEATTLE GENETICS, INC."
c909cb45-8f99-4ef2-8cbd-f57bcbbcd3f4,"The United States of America as Represented by the Secretary, Dept. of Health and Human Services"
8cf3d407-6832-47ac-ba09-a60b01f69833,Instituto Nacional de Tecnologia Agropecuaria
6aa04bed-c285-4d3f-81b9-052ec1e399ce,DNAe Group Holdings Limited
4b3d77c4-e206-445c-a007-3dbb36ea4787,VERSITECH LIMITED
05f6e24d-a0e1-4255-bb84-4c33da23ddda,"JANSSEN BIOTECH, INC."
3ca688ad-503b-4ac0-ad16-94db35c6253e,CHUGAI SEIYAKU KABUSHIKI KAISHA
0d463191-c5a9-497d-8037-4d6a85a6c5b2,NOVARTIS AG
b354988b-6671-409f-a03a-179009ca49d2,"Genentech, Inc."
4e13ad56-505e-4ed9-8e8d-d9593c9ccf73,ZYMOGENETICS INC.
db486af5-960d-4fc8-ad72-e5afc4674bba,"Regeneron Pharmaceuticals, Inc."
e7e4d72b-6af5-4560-9108-0d3da98cfdf2,"IMMUNOGEN, INC."
8fc2f2c2-3db9-40e7-a7b2-41b0c57c5207,THERAPIX BIOSCIENCES LTD.
48cfd410-c389-42eb-adc8-8e9b429b7f1c,"CELL SIGNALING TECHNOLOGY, INC."
908f1b87-7dbd-48f6-b2a3-081404a542aa,Genmab A/S
6b012dff-9445-4ee7-bc2f-51f1131545dd,UNIVERSITÉ CATHOLIQUE DE LOUVAIN
7c197b5c-035f-42b2-a95c-e63c364786e8,LUDWIG INSTITUTE FOR CANCER RESEARCH LTD.
e91db8fa-22d4-4567-834d-4b510b39c43f,Biocon Limited
846ef848-d2a5-4f29-a152-0b79330db52a,Centro de Inmunología Molecular
b5aa943e-82cf-4c37-9825-6fc0c0d8ab49,AMGEN RESEARCH (MUNICH) GMBH
813be558-003d-4978-8ae3-d4b7f46218fd,UNIVERSITÉ DE NANTES
86c2526f-d40c-40fc-950a-0c3c2b2fa7ab,OGD2 PHARMA
96b3a56a-e999-4c36-8416-3937d7a3c958,ZYMEWORKS INC.
944a976a-f9ab-48e9-9de4-d8b01a0189de,THE RESEARCH INSTITUTE AT NATIONWIDE CHILDREN'S HOSPITAL
41c3267b-83f3-4289-b411-e75085a6e236,Case Western Reserve University
99a82a2a-c494-4f14-bec0-2bcb33b5c533,E.I. DU PONT DE NEMOURS AND COMPANY
6ce04dde-f383-4923-8798-780d1a608ed6,THE REGENTS OF THE UNIVERSITY OF CALIFORNIA
5c3ff3de-94d2-463e-afbc-3386f8e19ce8,UNIVERSITY OF WATERLOO
c7333c05-4c8c-4662-b547-6ff763f3957c,Arlanxeo Deutschland GmbH
bd7178d1-7337-4396-8e76-b53871bb6083,WACKER CHEMIE AG
63b72bac-74a0-452f-b38d-ef13875ae4ea,Baumhueter Extrusion Gmbh
b11bc136-5690-4c51-873f-cb43246f3ab8,Lummus Novolen Technology GmbH
d433d76d-e698-4711-aaad-63e1aebfb729,Chevron Phillips Chemical Company LP
46ce8539-7b8f-4304-a07e-bbb94bdb821a,SABIC GLOBAL TECHNOLOGIES B.V.
7ff46aad-920a-4a06-97cb-791a4cd70773,SAUDI BASIC INDUSTRIES CORPORATION
3e12a65b-6581-4c1b-be54-ea9bbca3b551,Borealis AG
8aab048f-9515-4287-8343-b7fd26758cf5,ExxonMobil Chemical Patents Inc.
d39f8780-9fe5-4793-8ee2-47ea78a6827f,S.P.C.M. SA
1b7a8875-bb61-42f1-ac2b-55f006bc2f31,THE TRUSTEES OF DARTMOUTH COLLEGE
4950d9b8-ae3e-453c-9fe8-e241b99ec1e2,"ELITE MATERIAL CO., LTD."
b292ff06-e9d3-4b36-85c2-6ddb30460c52,Reichhold LLC 2
f42b3ee0-57d2-4044-8b94-bbd100823922,THE UNIVERSITY OF CONNECTICUT
246ab72d-6aae-4951-88f0-6d3f5a61466c,Arizona Board of Regents on Behalf of the University of Arizona
9bcbd6bc-2e70-4a70-be62-c036eb5915d8,"MEDIPACS, INC."
f579a840-488f-43a8-8e23-03262d5e0b2a,"SEEO, INC."
0b6359d0-1aaf-4f40-99f1-b8ebcccd5dd7,"MITSUBISHI GAS CHEMICAL COMPANY, INC."
25a3778b-47e4-402e-b188-d941c7e3c397,The Board of Trustees of the University of Illinois
5e7e9fff-05ba-4428-83ce-942d092a6787,"DAINICHISEIKA COLOR & CHEMICALS MFG CO., LTD."
034f491e-99cd-4643-ab06-aee6e4c06b47,"UKIMA CHEMICALS & COLOR MFG. CO., LTD."
1b606c63-f004-4846-8e11-d819cee5029a,Dow Global Technologies LLC
5122be92-08e4-4624-a04f-18a5ef263ba7,Momentive Performance Materials Inc.
d0fae399-ca75-40ad-8d3d-c2fadfae99f7,Cabot Corporation
e72c4784-e8dc-4eb7-8763-61c70aee532f,Teknologian tutkimuskeskus VTT Oy
04be945a-89ac-41d3-bb00-5c76f005ec16,Aalto University Foundation sr
cce4e43c-b399-4555-9e34-908d78d906ef,"DAIKIN INDUSTRIES, LTD."
6cccfcb4-1761-4afb-bd37-def24a3d1228,Industrial Technology Research Institute
a8fd3500-dbf0-4445-a810-ea9a275afdbd,"TORAY INDUSTRIES, INC."
135778b4-1533-474d-adb6-e1bd09ee42ee,SHIKOKU CHEMICALS CORPORATION
7540ab46-c5b6-49ce-acae-6418bce31b64,ROBINSON BROTHERS LIMITED
214454ae-6fee-4dcd-9045-cfdaebfac510,"Lubrizol Advanced Materials, Inc."
f9e8335f-9ea6-40f6-8fa6-55a706cccc6a,"DAIHACHI CHEMICAL INDUSTRY CO., LTD."
c0adabe1-c840-4877-91bd-ebe690dff937,"LION IDEMITSU COMPOSITES CO., LTD."
b02cbf00-9362-48b9-ab48-b6aa7d1dce0a,"SUMITOMO SEIKA CHEMICALS CO, LTD."
4ece8167-3ed4-486b-8400-ca5941df86dd,NOVA Chemicals (International) S.A.
a8f981e4-395b-49e6-9c4d-391411bb6b67,KANEKA CORPORATION
3f926e2c-f613-4332-8c6d-b0485cd49886,ARLANXEO SINGAPORE PTE. LTD.
a559efa2-06e6-4dcd-8137-fc09a24dbb4e,"MITSUI CHEMICALS, INC."
f5dca248-b118-40a4-b4a0-01c10683c337,"TOKUYAMA SEKISUI CO., LTD."
a81f90ea-a4a9-40e9-8978-466148b6c116,"SEKISUI CHEMICAL CO., LTD."
c9fee267-67c6-4e14-9225-e5c3ac4478d6,"Lotte Advanced Materials Co., Ltd."
38ddd946-e963-4bd6-8dc8-43196f4af009,"BASF Auxiliary Chemcials Co., Ltd."
c8a498ac-c7d3-48db-9311-deb264fa309c,"Knauf Insulation, Inc."
99b27958-5274-4288-9c63-efe52815fb75,KNAUF INSULATION SPRL
3dd38c18-3556-43ef-8bc3-188ff2afae8e,"PLANT PV, Inc."
5528e5b8-525d-4777-ab7d-d9f5880f6e52,NATIONAL CHENG KUNG UNIVERSITY
ed9722a5-c905-4ae9-9210-08a542017582,DIC CORPORATION
7ce7ea73-e331-4611-beee-518b556bda98,"TOYO INK CO., LTD."
61d83c1e-07f8-4d40-a75a-1d46886685e0,"TOYO INK SC HOLDINGS CO., LTD."
a93f3703-1f70-464a-8657-23debcb00bf4,"MOLECULAR REBAR DESIGN, LLC"
8b4c15c0-5206-44a3-ac8d-81f7824bf06a,Flex-N-Gate
fd3b4ed9-fb12-4866-9885-282c43154b89,"LG Chem, Ltd."
7a24f2b0-df54-4331-8bf3-41ae6b783f77,Covestro Deutschland AG
13a2da2e-018f-4663-88ac-eabcea75cef4,Hilti Aktiengesellschaft
f12f369b-d875-4370-bed6-6e41b29f2c93,Akzo Nobel Coatings International B.V.
b52696d2-cb54-4ccf-9320-a04786fe252e,ANGUS CHEMICAL COMPANY
65201550-2431-487e-9211-a0ed5fe16631,"NISSAN CHEMICAL INDUSTRIES, LTD."
460e5eaf-db8a-422b-bfe3-f51dbc1f1670,"Owens Corning Intellectual Capital, LLC"
617e992f-7dab-4bde-81d6-ceb6a26e804d,"SANYO CHEMICAL INDUSTRIES, LTD."
281349cc-c2ed-4d43-8b24-0c15275d37d8,CERTOPLAST TECHNISCHE KLEBEBAENDER GMBH
7fbe2d79-2341-4308-a0f0-0d738078b84e,HENKEL IP & HOLDING GMBH
abcbd384-f467-440e-9187-b2162660670b,HENKEL AG & CO. KGAA
0fd155d5-bf2b-4e3e-b8c1-3c64e5535bd6,JACRET
4615cd2c-09a7-480d-a7a2-25201de63895,"SAINT-GOBAIN CERAMICS & PLASTICS, INC."
99928270-7dc0-4b85-b68d-bbe3c7d87620,"GAMESA INNOVATION & TECHNOLOGY, S. L."
2a5fd84a-89e0-4962-aa61-a5bcbaee0a82,"HITACHI CHEMICAL COMPANY, LTD."
cb679c87-4fbf-4b54-8498-c6710a0997b6,Dow Silicones Corporation
0ed3b5da-e166-4ce8-bb57-768914cc7e2e,"Halliburton Energy Services, Inc."
187558cf-924c-4d78-a3c6-6143c2e8023d,M-I L.L.C.
503c6719-6f12-40b8-825b-d2a33b369db2,CHINA UNIVERSITY OF PETROLEUM-BEIJING
5085d286-8417-45a6-82c8-68bdf751514d,Covestro LLC
0350699e-0a64-42b6-8f35-7b721f8cb4dd,SAUDI ARABIAN OIL COMPANY
25e8e382-c770-4ac3-9390-bb48ae0cc84c,"Flotek Chemistry, LLC"
328434ce-a701-4c29-8aef-e9a7d3722319,"MURATA MANUFACTURING CO., LTD."
aed52f28-fd48-44e3-beb6-177540d662d9,"Lawrence Livermore National Security, LLC"
98baaf51-8817-4f80-b08e-a7ecd8e27ae5,Qlight Nanotech Ltd.
fb3292e6-a6fc-48ad-b6b6-5f277bd659ba,YISSUM RESEARCH DEVELOPMENT COMPANY OF THE HEBREW UNIVERSITY OF JERUSALEM LTD
d2b761c9-4544-4f94-8cbd-982481069e4a,CHIMEI CORPORATION
2a4051c0-c1ef-4941-8d7b-8e685e02acb9,"Anellotech, Inc."
3aaf6030-c6b3-47f3-8c64-83eef1fb2812,Pioneer Energy
ca3eedcb-292b-495c-8f04-81e3aa3b4a78,Catalytic Distillation Technologies
2548e5bc-8e5a-4659-a9ea-75a8da84843c,Linde GmbH
898a3069-7836-4817-b078-0a270550711b,EXXONMOBIL RESEARCH AND ENGINEERING COMPANY
92715d35-ccf8-4e8e-899d-f21db7e59a99,Fluor Technologies Corporation
e00b66ac-406f-4265-b055-7c896e835636,"Cerion, LLC"
2349fcc3-744a-4a87-8e00-9bb4802b6bde,GreenMantra Recycling Technologies Ltd.
8210278c-33be-4cd6-b948-9e8c205381a4,LANXESS Deutchland GmbH
dc682f86-9ead-4f8b-8028-83dfbf117a4b,INFINEUM INTERNATIONAL LIMITED
5f1d75df-6c8c-4a29-b9d9-890b44d7ec49,Wintershall Holding GmbH
bd60fdad-58a6-4477-a109-dc81b3297854,"IDEMITSU KOSAN CO., LTD."
1eb4a43d-8330-47b5-ae3e-322d9db88d80,"YOUNG LIVING ESSENTIAL OILS, LC"
8f4094b7-206a-49cc-bada-d91974888071,The Procter & Gamble Company
fafef382-7ea1-478a-bbb1-dece22befe29,"S. C. JOHNSON & SON, INC."
2d523d75-71da-4e61-bb37-8fe3a9129e23,The Jackson Laboratory
030289c2-9373-4c97-a742-40a5de39cbd7,Trans Bio-Diesel Ltd.
69de46fa-f86d-453b-bdef-daf2fceed21f,National Health Research Institutes
6710c4d3-5aad-4b5f-9212-a75e9718009d,GLYKOS FINLAND OY
de395345-1ff2-45f5-8be1-90ef35ade92e,"BBHC CO., LTD."
5f0411fc-bc87-4afe-825f-d5d97570daec,IMMUNICUM AB
474546be-edc6-4224-b3ab-8d2a3d295fb6,Ramot at Tel-Aviv University Ltd.
b23756fb-7ef6-42eb-b878-2c9148f97831,"Beijing Stomatology Hospital, Capital Medical University"
8eb65550-bcf9-4add-ad22-6768447b7095,Beijing SH Bio-Tech Corporation
fad804ce-646a-4c2b-96a5-eea7d3bf5038,NATIONAL UNIVERSITY CORPORATION KUMAMOTO UNIVERSITY;
ff62b737-9474-45de-a609-b18f9aed1be3,CAMBRIDGE ENTERPRISE LIMITED
f6ee5c34-7435-435b-b33c-03a2eb2269e7,University of Washington
529aba7a-51fb-4169-89bf-a47183bc52da,"Adverum Biotechnologies, Inc."
0f78f41b-4cd8-40fe-9bc2-4b602173c4a2,ASAHI KASEI CHEMICALS CORPORATION
0337ccd2-8584-41d2-a789-a31f83a09a57,BRASKEM S.A.
6a4ebb68-a826-4d8a-9556-89bb79827c29,CELLECTIS
b80d0535-a7dc-457b-a28a-f3381ed48ea5,"PRECISION GENOME ENGINEERING, INC."
0b3e2604-cb45-4056-9f33-00c6ed2fb197,Academia Sinica
1270932f-599c-4d29-b65d-3b8fa7e7f0f5,"CHO PHARMA, INC."
bdc353b5-11b6-46a0-9bc8-b531f9ddcc96,DRK BLUTSPENDEDIENST BADEN-WÜRTTEMBERG-HESSEN GGMBH
3e0096da-2977-47b6-94dc-61934bae1454,"Evolva, Inc."
d00b8c7a-e5cb-4db6-b59e-540072232616,"CuRNA, Inc."
625e454f-d5ae-47e7-8309-6e2f4e2b19d6,Benitec Biopharma Limited
72ea371c-6a23-496e-b1fc-cd9397a0cfe7,"Sirna Therapeutics, Inc."
f59e43f2-7044-4977-a926-6b8a690d8c86,University of Pittsburgh—Of the Commonwealth System of Higher Education
0043813d-b3d0-4ec6-9b08-945841cd5141,President and Fellows of Harvard College
650b8363-8f47-4234-9d69-b9fbdfb75736,Ospedale San Raffaele S.R.L.
fdd981ca-ed85-479a-aa09-db8939739837,Fondazione Telethon
64c7501b-59d8-4b14-893b-3c51d3000e6d,"Genomatica, Inc."
bb7a562d-81d6-440b-be21-36aab9c0f5e4,VIB VZW
f275daca-6287-4d02-8166-797b6827eaa1,"AJINOMOTO CO., INC."
29952cab-11e9-412f-bca5-735599328a40,SOOCHOW UNIVERSITY
8e14c487-822f-4f93-bac6-17da47259f40,"The United States of America, as represented by the Secretary of Agriculture"
32674601-41b5-4888-9d23-0d71b6d44670,"KUMIAI CHEMICAL INDUSTRY CO., LTD."
94322301-cd60-49cb-85db-fd6c00b43412,NATIONAL INSTITUTE OF AGROBIOLOGICAL SCIENCES
180b548e-0a57-40e6-8834-56b994322645,NATIONAL CHUNG HSING UNIVERSITY
76bfedeb-c249-4c5a-9fb1-87c5a5ae43a0,Monsanto Technology LLC
a21f77b6-b082-4bc6-82cf-2f784d75d488,EVOGENE LTD.
1e2866af-069c-4a1d-9848-19755c7fe2e1,Syngenta Participations AG
df177dc9-2bab-4962-a377-7bc58538742c,"PIONEER HI-BRED INTERNATIONAL, INC."
ce0361d0-ee07-49b9-8ed0-236bd6210f06,"INTREXON CEU, INC."
affc2208-5f2a-4cd6-af73-3494714621a8,Yeda Research and Development Co. Ltd.
447f7b79-7f6c-471c-af5b-97ff5312bb55,University of Vienna
bbcaaa08-a2c9-4fa2-bd00-d1f88f67c869,
eef68cc9-5c36-4203-9968-97cd715613d5,FIRMENICH SA
6ba691cc-cff4-4e01-80fb-9dc325558522,
42bdb45f-59a2-4258-976a-65174c055a91,"XYLECO, INC."
64ebeaa1-5bc0-42e3-9d9a-65523d9678e5,GREEN BIOLOGICS LIMITED
43e492ba-5319-4f2e-a65f-5598e4d611c5,Proteus
7d46dab2-c28d-4974-9e52-c7fa2ae3ac16,CENTRE NATIONAL DE LA RECHERCHE SCIENTIFIQUE
7b53cfb1-d127-4486-b74b-c70f1fb5b792,THE PENN STATE RESEARCH FOUNDATION
569c1c30-d293-4e62-982e-7d90d55b7bda,International Flavors & Fragrances Inc.
d1622868-c5e5-4701-8c28-39f526aeffd7,SUNTORY HOLDINGS LIMITED
64dc9ab0-635f-4f31-a14e-cae82ac08d5f,Siemens Healthcare Diagnostics Inc.
dc2459c5-bc00-4dca-9652-5f42145f7295,"I-SENS, INC."
d3e4929a-52cd-469b-b4fc-a9ba164d74ab,STC.UNM
3a2229ae-4b9d-4dda-b023-8dda6d0a5bb7,"LOS ALAMOS NATIONAL SECURITY, LLC"
b504f077-387c-440a-bfb4-00e45b59f209,"First Light Biosciences, Inc."
739b2596-cdf8-411e-a922-bd8781f55373,THE BOARD OF REGENTS OF THE UNIVERSITY OF OKLAHOMA
3f3ca576-89e3-4667-b0e7-0d3978b40687,The Florida International University Board of Trustees
0e636125-e3dd-40d4-abf3-995b0d384c7b,Asahi Kasei Pharma Corporation
a72a0b17-258c-4af4-9876-d45d4182c9cb,"LITRON LABORATORIES, LTD."
f71b5728-698a-4f20-8a7a-a2e7413ef123,BASE4 INNOVATION LTD
35cbff16-2d8e-49b7-be85-60051ad41f95,DNA GENOTEK INC.
ccd8d314-8428-4369-a07a-f303224a173a,The Board of Trustees of the Leland Stanford Junior University
cec8a273-a770-4b2a-8b8f-e33f9f79d912,UNIVERSITY OF WASHINGTON THROUGH ITS CENTER FOR COMMERCIALIZATION
bcb5216e-a621-4c83-b12a-355d7ad3d3a8,"PACIFIC BIOSCIENCES OF CALIFORNIA, INC."
53f7ddde-2413-4266-9c14-7a0424206362,"Boreal Genomics, Inc."
b4e511ed-31bf-4530-a7ca-42a8114fd7d7,"Prognosys Biosciences, Inc."
1b078ccb-5c57-498a-ab56-5f05a970d760,THE TRUSTEES OF COLUMBIA UNIVERSITY IN THE CITY OF NEW YORK
c7c7681d-1d55-4cb0-8171-2bbe9f4b237c,"BIONANO GENOMICS, INC."
330d568d-67ba-430a-9963-ce0c31ef37e2,DOW AGROSCIENCES LLC
7d50b3f9-b0c8-4ed6-8cc8-39a7066a0900,Cepheid
9711eee5-6945-4a40-9716-6deced1f2bc6,University Health Network
af531edf-ea9a-482d-8487-c9000a04e914,Hummingbird Diagnostics GmbH
1a02eff9-cffe-4bfc-9db1-456d6228a707,Elanco US Inc. and McGill University
c42abc6b-6764-4177-a38f-89f1a945ae2a,THE ROYAL COLLEGE OF SURGEONS IN IRELAND
7590ff96-da58-45bd-b930-2beb70a66347,"The United States of America, as represented by the Secretary, Department of Health and Human Services"
42944e29-bac9-4788-802d-e3caaac471f8,"Foundation Medicine, Inc."
f94a6dac-85d7-42f5-a228-92051b73b25a,"INSTYTUT BIOLOGII DOSWIADCZALNEJ IM. M. NENCKIEGO, POLSKIEJ AKADEMII NAUK"
71fe4b5f-ecef-4223-8feb-eb4aaf2ef27e,"Exact Sciences Development Company, LLC"
bef79d2b-8d11-4ffb-b60c-0308361f307f,Gut Guide Oy
cb184d32-eeef-41a1-9263-879d307e0635,Qualicon Diagnostics LLC
6d3d934f-d585-4cdc-a0f1-85ca365f8272,TATA STEEL LIMITED
a66b248e-301e-4e61-a21c-ccdcfdd3912e,BLANCO GmbH + Co KG
25d3ef57-3090-4e87-8394-6539d12b4e35,voestalpine Metal Forming GmbH
55e42561-db64-4374-9801-b18967826715,JFE Steel Corporation
d3c9b72b-f345-4f21-9799-482abdfb43e9,Clean TeQ Pty Ltd
08bfac66-a558-472d-8b32-8366088d3ed5,TITANIUM METALS CORPORATION
6c9d35dd-26cd-47a2-8dcc-b94b2caf42bc,University of Limerick
48322f9a-44a2-47b8-b256-8190f6c0977f,Rio Tinto Alcan International Limited
93f8c962-7a18-45c0-b192-7a141f9a8b6c,"HITACHI, LTD."
06ba7ba3-6be1-4ddf-af00-ce6b63d86587,Hyundai Steel Company
aaa28b75-1946-43a7-b469-868de453379a,"Glassimetal Technology, Inc."
1bca0293-4d34-4fa3-bf27-faa537257421,Mazda Motor Corporation
36e947d5-c4b3-4439-a5ca-3bf7663f9d07,"BAOSHAN IRON & STEEL CO., LTD"
75af58a7-54a5-41c1-8dd7-ee4f50e46e9d,Caterpillar Inc.
086e3224-3b4c-4013-8826-2cd4f091852e,Federal-Mogul Burscheid GmbH
4f451e64-7f79-4be1-86f1-589fc37f0d87,Metal Industries Research & Development Centre
f120a0d7-d7be-458f-853b-d651e3bcb217,Tatung Company
c780114f-2f0a-4ac1-8769-e5267aa44bc3,TATUNG UNIVERSITY
46460945-d9a6-451d-aa58-28374ee352ca,"SUMITOMO METAL MINING CO., LTD."
7155b1a8-4dac-4b15-bfb2-0aed88776b58,"DePuy Synthes Products, Inc."
0eb8788a-3a70-4cc4-8e60-d91cc70e2965,"SHINCRON CO., LTD."
2404fd9f-db42-455a-ac13-126b506d2dc6,University of Science and Technology of China
568e9e78-42a4-42a4-ad9e-0b3088cc29cb,University of South Carolina
db12c44a-cd79-43ab-84ad-3e9e341630e2,Schaeffler Technologies AG & Co. KG
69a10d5a-b7d5-4de3-8ffb-1b8a92b69475,"Applied Materials, Inc."
528b3818-4d81-4274-b223-c73e3922b22e,DE HELLER DESIGN B.V.
95ae4dbe-6b1d-469a-a5b3-21f35c9a774a,"ULVAC, INC."
46150e0c-8edb-4d25-8256-5f90d9acc689,UNITED TECHNOLOGIES CORPORATION
5873779c-7594-400b-8dd8-ace9d32e05ed,"SMITH INTERNATIONAL, INC."
b79fd578-a265-4c68-8d75-11a8e41faf3d,"Varian Semiconductor Equipment Associates, Inc."
679587d2-b3ad-4a21-add4-4f027c345bdb,KITZ CORPORATION
a7cb0a83-0c3f-41f0-a399-cf844c5c99b6,"Nuvera Fuel Cells, LLC"
c2324550-c982-4878-8493-9211d2a384b3,PULTRUSION TECHNIQUE INC.
4bb497a7-13ba-4932-a045-b2416bbab6fd,"NIPPON PAINT SURF CHEMICALS CO., LTD."
c0be0a13-ea06-4d29-a922-6a542587d259,"TOYO SEIKAN GROUP HOLDINGS, LTD."
7d64430b-2965-485b-915f-f40da4b05bd7,"Alumiplate, Inc."
3d268b87-a93f-4990-a988-16e734d74936,TATA STEEL IJMUIDEN B.V.
f68105c9-d9fd-47a5-8c5a-fec1d284c900,SUMCO CORPORATION
347faccc-e123-4f14-9c99-e6f90327a9a6,"NGK INSULATORS, LTD."
8d3ef474-a58c-4311-a70f-501adae5632e,HEIQ PTY LTD
46e9bcab-8322-4534-a1f1-12deb32bd9f9,SIPRA Patententwicklungs- und Beteiligungsgesellschaft mbH
8da37e13-2454-4f6a-8ce2-afa6a6483ece,Saurer Germany GmbH & Co. KG
092a3735-145a-44e0-94cc-8f97562a8b5e,ZEON CORPORATION
ac742735-40be-4b3a-b926-5bd28e5e79de,"NIPPON SHEET GLASS COMPANY, LIMITED"
bf8d159a-459e-44bd-baab-1f3c0ad8a907,"NIPPON FILCON CO., LTD."
68256f13-ef2f-4c10-915a-0b496614f925,"King's Metal Fiber Technologies Co., Ltd."
3a4f8ff8-55a7-4d1b-83cf-0e67e28021cb,FONG'S EUROPE GMBH
c3657a0d-04df-43e9-ab85-321fe2b1c64c,Dongbu Daewoo Electronics Corporation
8992db46-bb5f-43b4-822e-33547222055f,"Haier US Appliance Solutions, Inc."
906da649-dd98-4eac-a78c-d5dc3cc385b1,LG ELECTRONICS INC.
29166dff-54c0-4273-ae40-a33e7d0f1175,"Applied Silver, Inc."
8e438955-0973-44e3-8f57-623bbb0bb01c,Electrolux Appliances Aktiebolag
3df7c792-d2ec-4c73-87b2-9c68270f76aa,SBI GLOBAL PTY LIMITED
b139f9d4-ec64-4196-be7d-5b0d950acf79,ITW IRELAND
52c3e782-ee32-4f2d-9c50-094e6f514361,"WestRock MWV, LLC"
2e143057-257a-4bf4-ad46-0097e1aaf16b,GP Cellulose GmbH
051819fe-0a6e-4c0b-941a-be52dcc80afc,Bio-Sep Limited
acc6f049-168f-47be-970a-c5f191b4871c,SIRTI S.P.A.
dedbfb2c-6026-45a8-8564-2667ddf6eb0a,Caterpillar Paving Products Inc.
084cd8ee-9bb3-416d-a0e0-354c6dfb232d,KANGWON NATIONAL UNIVERSITY University-Industry Cooperation Foundation
70e00475-63f4-45d9-95fa-3a237dbc2a7e,BOMAG GMBH
3c6810c9-1454-4347-9497-209f0ac98a95,SOLETANCHE FREYSSINET S.A.S.
084a2652-cc05-409f-a90c-f93026631ca9,Chervon (HK) Limited
07e8673e-134c-41bc-b638-849d81934de6,"HAN JOO ENGINEERING & CONSTRUCTION CO., LTD."
59fb9aa5-3839-4f6e-8b99-5aa95908b990,"Liquid Waste Technology, LLC"
36e660b1-d812-4367-8634-7af8abc99307,"SUMITOMO HEAVY INDUSTRIES, LTD."
c994ee19-8b35-4314-ac14-49d6d770ac00,"HITACHI CONSTRUCTION MACHINERY CO., LTD."
ac5c6bad-6c2d-48cf-b21c-9d1e7f58206f,"Altec Industries, Inc."
ff3c038e-cc79-406e-9fc0-330107f4f172,"DOOSAN INFRACORE CO., LTD."
85b67cfa-135d-4357-aac9-938aa1f65656,Kohler Co.
0da66e1e-72fd-4a04-8355-6f0cdf7e77c7,Kohler Mira Limited
936aebbd-db5d-4cfb-8217-b26c7f4af379,SENQCIA CORPORATION
8cdd1fa3-747b-4ad0-8ef1-98902f1a9a19,"Schul International Co., LLC"
41d1dc10-dd24-47ae-9530-d6f518a883f3,"Firestone Building Products Company, LLC"
aebf3da4-5af7-4c41-809b-6b693cf33cec,CALIFORNIA EXPANDED METAL PRODUCTS COMPANY
b6cc0828-dff6-4f34-8e1f-7d8fbebafcec,Johnson Concrete Company
165e69b1-6fda-4e19-86b7-5be4d3e2f879,HK MARKETING LC
ae970e6e-7f2c-4c9d-bdc5-da50a5e28445,"Cor-A-Vent, Inc."
6a97b0c1-b2a0-450e-95aa-afb6e5ccca4d,Jarola Vision B.V.
15ce5e07-64f9-439a-8c27-559172a40f7f,Lake Products Limited
b28caea5-b502-4bff-8c3f-2df10fd29126,Inotec Global Limited
68c177f2-d120-4acd-be0f-e44b776dfcbd,TECHNION RESEARCH & DEVELOPMENT FOUNDATION LIMITED
50939cc4-d571-4bdf-9ce5-884ebbbedc41,KwikSpace Guam
0810ba9c-7518-4390-8efb-326b16ce0cc7,"Six Continents Hotels, Inc."
bad71af6-5207-4f7a-a29f-167f09d11673,"AKZ Designs, LLC"
b3cc2a16-a6f5-4348-8421-d2e08cf15226,The Bilco Company
2d502bd1-5ae4-4acf-9033-fc3629f84264,"INTEVA PRODUCTS, LLC"
d7cd2480-4dc2-41da-946a-2367bedcad2e,BUYERS PRODUCTS COMPANY
235eef56-e958-4a4e-842d-1f654fc8b93c,Masonite Corporation
55715b8e-9037-47c9-8e27-a2acf13d6047,Intel Corporation
7a49e98b-b1b1-4aec-b78a-9dbd41d6f774,KEM HONGKONG LIMITED
24c2faa2-6ad5-49cf-a5c9-02295bc57b71,EATON INTELLIGENT POWER LIMITED
352c9ec6-4c7c-4e89-8587-0a55c7477b90,Hampton Products International Corporation
2ee42c4c-e51b-4693-b1ac-4038a0f13de9,NABTESCO CORPORATION
03047bbf-5f1d-45aa-b7a1-40887110a568,"RMB Systems, LLC"
fa5a0bb7-20ad-4be8-944f-cd3bd0c708e6,EKU AG
e68c1c37-a978-4d2d-9c36-b03dcc8fed27,Rolltech A/S
ea047ca9-5ff3-4f3b-9650-7e3c4dff9e94,TECHNOFORM GLASS INSULATION HOLDING GMBH
64a346b6-b73c-414e-be11-684455341491,SOMFY SAS
80f3c51a-b349-423d-b710-773d7f3052cc,SKIDATA GmbH
2baff02d-ed46-44bf-91cb-ad1485458651,"NATIONAL OILWELL DHT, L.P."
20562d13-a63e-4da5-9e62-7d8d22eac830,Baker Hughes Holdings LLC
affa2e71-db7c-4f46-a090-8ec8877fb0ee,NOV Downhole Eurasia Limited
22b3d411-c1d9-4776-96e4-b257d38e00eb,"Baker Hughes, a GE Company, LLC"
b49d6175-3fff-4f73-ac9c-e052ea35449e,TRACTO-TECHNIK GMBH & CO. KG
d0e2828d-6061-4691-8be8-9d1111cf16f3,Stimline AS
2f26d83c-c0b7-4d33-bc65-3484c7f47eae,CANRIG DRILLING TECHNOLOGIES LTD.
20bcec60-f203-4af6-a212-46ff4803e007,Sandvik Intellectual Property AB
1c170dfc-51c0-4911-9ee8-d70df4218547,"Tech Flo Consulting, LLC"
d37ea917-8207-4fb5-8a82-445be9eb1c3a,"National Oilwell Varco, L.P."
1fd0de0f-6c36-433f-b1d2-5c5a6c506260,"Weatherford Technology Holdings, LLC"
c170a15c-13e4-40ee-9925-2041000bf9ae,"CCDI Composites, Inc."
630236f6-a38d-4138-907d-34d6dfc014cd,Tercel Oilfield Products USA LLC
edaa2acf-7c92-442d-8073-3b42d031c9f7,"THRU TUBING SOLUTIONS, INC."
41de820b-fb4a-41f0-97dc-174dc5512eaa,IdeasCo LLC
d1896df0-f030-4f2d-b6b6-e74a23f0fe63,Safe-T-Tech Tools Ltd.
670276ec-751a-4fee-84e2-eb00036df430,EXXONMOBIL UPSTREAM RESEARCH COMPANY
4069e010-2139-41db-a80e-f51967d72765,SC Asset Corporation
7cf2d872-7724-49cd-81aa-d231c9283a40,Schlumberger Technology Corporation
17aca137-838f-41e6-9e73-56ed5049994c,Trinity Solutions
2493dba1-61ae-4ed3-a573-56c642cd9936,"FCI Holdings Delaware, LLC"
4ecb8a92-5fbf-4f8c-ac03-d77daf527170,"ABC Industries Co., Ltd."
8fe0f6f7-55cd-42a5-9232-ba63ebfdb14f,Linde Hydraulics GmbH & Co. KG
d0921742-3b75-433a-87ab-d08b72e2a505,BorgWarner Inc.
1a612246-a9f9-466e-b13a-88d77465e02d,MTU Aero Engines AG
c381eafa-1210-4e53-b419-ce5110e3d24b,"Twin City Fan Companies, Ltd."
5afdde0b-1899-4fec-aacc-36c66981aa20,"Oerlikon Surface Solutions AG, Pfaffikon"
e227def9-dc30-453a-9812-20cea71eb982,SAFRAN AERO BOOSTERS
910f02e7-5073-4d77-9743-5f930ca31f85,MONARCH POWER CORP
c4ce1b95-df4f-4db0-9270-e82f2d71f0ae,SNECMA
b3f4f522-a3c9-4b3d-9ef7-8b12aec94ec4,"Energy Recovery, Inc."
86bdae01-43c6-4356-a439-64c0a5e5b95c,General Electric Technology GmbH
654b5b85-5dd5-4720-8684-38b860a7eed5,"MITSUBISHI HITACHI POWER SYSTEMS, LTD."
c6cc3dbd-b43f-4aaa-8733-916b9ffadcef,"GT TECHNOLOGIES, INC."
abb4271e-20d4-44a4-bacd-7bdc57dcc125,Ino8 Pty Ltd.
2ac9fbd5-54ac-416b-af6e-18f64cc6463f,Parker Hannifin Manufacturing (Uk) Limited
e7590225-bfcc-4a90-ab10-17032084a094,"YANMAR HOLDINGS CO., LTD."
aa393c00-658c-4b4e-bbbf-9786af969b32,"CUMMINS INTELLECTUAL PROPERTY, INC."
bf1ae407-1e45-4200-8d2d-b03aa470c7ab,PACCAR Inc.
b5af29d5-a6d8-4392-9e37-46b3dedb4834,KABUSHIKI KAISHA TOYOTA JIDOSHOKKI
13f3e567-9839-4aa2-8d94-9f4ac10c1bf2,"Achates Power, Inc."
27b88ddf-b475-4aec-8686-6f0a167cea05,Scania CV AB
044f832d-9ab0-48d4-ac77-68aeae6e2213,UMICORE AG & CO. KG
0609cc17-343c-497f-b90b-dc1db74742e5,Pratt & Whitney Canada Corp.
5c71cd0b-9f4b-474f-9d3d-45155b129e0e,Airbus Operations SAS
90f5bc2a-1df2-4c14-824c-45a220f0f124,SAFRAN NACELLES
adfad117-bd55-4ab5-9098-4d4f0ffc26bc,WALBRO LLC
bd8a0d80-df04-4ece-aed0-724422ab30ec,DEKA PRODUCTS LIMITED PARTNERSHIP
3d23771e-bc0c-42d1-8eae-67ee35de5150,AIRCELLE
23de42ae-7fb8-4ab0-a517-82db4cd3e6e2,"Rolls-Royce North American Technologies, Inc."
e2d63be8-3f02-4c9d-bab4-0f6c26484a4a,"Orbital ATK, Inc."
0dd60e4a-796d-4d34-8b02-515e73333d6a,"USA ZAMA, INC."
ef399e20-370f-4aa2-95f9-50a5094cc0cd,The Research Foundation for the State University of New York
cd786cff-397f-4423-a119-6823b647d9dd,WARTSILÄ FINLAND OY
1bcf04cd-5f91-4244-af6f-c820bc56641c,Hyundai Motor Europe Technical Center GMBH
34cc6fbd-1f0d-40c5-ab11-46cd37ff48ba,WEST VIRGINIA UNIVERSITY
3ec6f5e8-7efa-4435-8737-b58b96b52d24,"PAHA DESIGNS, LLC"
f14816e0-58bf-47fc-8a68-1c249d57b145,"TRUE TEN INDUSTRIAL CO., LTD."
aac12e50-e7b4-4393-8c93-6748e9878471,ThyssenKrupp Steel Europe AG
b41a1e60-b8a7-4b90-b85d-b2058393d8ed,EXERGYN LTD.
d0f4bbb9-3e7c-42fb-99fb-6e8c59e62c6c,Jessop Initiatives LLC
c959de2c-2561-46e9-8fc8-98e973db2af7,"IDEAL Industries, Inc."
2407d0a5-4ea4-4c73-97c7-f71e92fd573f,"OKENSEIKO CO., LTD."
4670e8ec-0ee0-4137-ad83-119fb21ff279,Whirlpool S.A.
48338437-b299-4535-a9e8-4593a748dbc9,"Franklin Electric Co., Inc."
c84e18e9-0de0-463d-a390-4633f0a91964,"HITACHI INDUSTRIAL EQUIPMENT SYSTEMS CO., LTD."
e85758c2-5b2d-47f7-b0b5-e988bb5f2412,Hahn-Schickard-Gesellschaft für Angewandte Forschung e. V.
acd796f4-35b8-4570-91a6-8ce19ed89c03,Edwards Japan Limited
bfe67a50-5ccb-4a42-9605-7c4a4cbab367,"COOLER MASTER CO., LTD."
e4b56180-0032-4bd9-adc2-51ccd11e520e,REINHEART GmbH
0bf3085f-4ad4-4ff3-94bd-163f2ceb9999,SHIMADZU CORPORATION
2b541236-b993-4b49-8d24-face1629da72,AISIN SEIKI KABUSHIKI KAISHA
1e4dcab8-ed55-42f0-8458-4605d0340ac4,Sulzer Management AG
7a180ecb-ef32-4fef-8b48-435feb0e879a,"Sundyne, LLC"
c225b866-c934-43b6-9f0a-0d206158dd5b,ROLLS-ROYCE plc
4a3a99ff-1f3d-4b7b-b8fa-06ecd5937229,Pellenc
73bea314-fd03-4a86-bd8d-038bb00ef198,JOHNSON ELECTRIC S.A.
72fbbcef-a50b-46f8-b763-94617d7373c9,Dyson Technology Limited
7ae14617-0798-4640-99b1-5aa4010118e5,MITSUBISHI HEAVY INDUSTRIES COMPRESSOR CORPORATION
3127116a-33f8-47af-8424-7f2fc2a43bfd,Norgren Limited
52a3b17a-bcd1-4ded-8e0b-b6aa5f8f3fa1,VOLVO CONSTRUCTION EQUIPMENT AB
910eb2bd-50f4-4f68-8b3b-b18a46bb8c6d,Hilite Germany GmbH
2636c222-e8cc-4f06-87f9-bfbba9dc28d3,"Dwyer Instruments, LLC"
67f72770-d0b6-40b7-9599-3713e3d9f00f,National University Corporation Tokyo University of Agriculture and Technology
03da54bd-4ac8-4c8f-b291-b9a4956b385a,REVOACE INC. LIMITED
a30cd57d-d4e0-4552-af16-608c17757270,fischerwerke GmbH & Co. KG
851c4d04-2cb2-4eff-8f94-4ba0cd03b0b9,"Centrix, Inc."
92590c44-5a50-4528-9a80-de4ebe813600,Westinghouse Air Brake Technologies Corporation
7220ada7-bc2d-47d2-9e0e-c869a25f605e,"JARLLYTEC CO., LTD."
f01e0dca-8fcc-42bc-9616-d94e12fbd080,Federal-Mogul Motorparts LLC
c6917367-707b-47bd-a76b-88d734bc85f6,AKTIEBOLAGET SKF
db92d572-a22a-4ad8-9d84-63f42a31bbf7,KOREA INSTITUTE OF MACHINERY & MATERIALS
b2afc7b8-d44f-462a-bf37-89f31d1d6eb2,NTN CORPORATION
e613463f-cc34-45bd-9198-4cfcbe37212e,TAKRAF GMBH
785a6c30-00df-456e-9646-580ef7a2b222,NSK-WARNER K.K.
2a0038ff-ae08-4845-8868-b43351047091,"ArvinMeritor Technology, LLC"
6bf6bace-4e55-4a7f-822e-3028ac3017eb,"Hitachi Automotive Systems, Ltd."
8b174fc0-af36-4b24-91ff-78b2d4ee3ea8,SAF-HOLLAND GmbH
4a638d4f-200c-43f1-9f2d-7427f85908ee,Bendix Spicer Foundation Brake LLC
25e779c6-f9be-49b1-ae9d-e6752fb32cbc,Performance Friction Corporation
8353110a-cb66-41b5-8a52-5c03ee705461,KYB CORPORATION
8a2306d5-a2ca-4238-bdf5-18a590e2ff08,Mitsuboshi Belting Ltd.
a02b037a-6e69-49d7-8143-3f30ee134865,MICRO-CONTROLE—SPECTRA-PHYSICS
abb5819d-acc9-4e14-a38c-cab9442ef803,"POWERTRACK INTERNACIONAL DE AUTOMOCION, S.L."
60d0d424-80a8-4d80-b4d0-a03ccc3a4c9a,Eaton Corporation
f88cadd8-289b-4e95-ac86-2e1543527515,Vaughan Industries Inc.
98948d7a-8bc8-441e-adff-eb9e6d7f3f90,"KYUNG CHANG INDUSTRIAL CO., LTD."
4526301d-ef7b-43d4-8106-101b60dce8f5,FANUC CORPORATION
950c56b7-a635-42ae-ab50-e3663fa7d75d,JATCO LTD
4cb7ab7e-e391-49b4-b84e-0cc073d3d11a,TRELLEBORG SEALING SOLUTIONS KALMAR AB
af7ebeab-44d2-4c64-94db-39e825755e9e,Trelleborg Sealing Solutions Germany GmbH
e2057721-f2e4-42bd-a0b7-6406cf329d19,Cameron International Corporation
0b0d1e3f-bd28-44e5-b30e-eaaf5c676e1c,"SHANGHAI HONGYAN RETURNABLE TRANSIT PACKAGINGS CO., LTD."
1a1d5d13-b3e9-4c96-a0dc-d93088ccce7c,Evoguard GmbH
4b26bd7a-e593-4119-8d1b-558c0b9543a7,STATS (UK) Limited
1fb1805f-b1b9-4d52-9b71-cb7d7d400e1d,Luxembourg Patent Company S.A.
39232233-209e-4668-8bd6-c2a2980775d8,"Carlisle Fluid Technologies, LLC"
6f1ea3bd-b377-42ba-b2c6-d82f1ed0bd0f,ETO MAGNETIC GmbH
11cb2f41-7caf-4ac0-ab29-6d09cf8a5ca2,"Flextronics AP, LLC"
fd3618ef-8128-4f87-aad0-f0319ba9d582,ARCELIK ANONIM SIRKETI
e8868ed3-0fc8-4d13-9018-f82041573ab0,National Oilwell Varco Denmark I/S
17228e42-ba7d-4863-897b-32bd23fe8d00,GE OIL & GAS UK LTD
af84827e-8e73-448c-a6d1-f6c6d03cf887,Viega Technology GmbH & Co. KG
cb63fffa-7d0f-4d0c-91b2-c261be63c85e,MANN+HUMMEL GmbH
14fc7c38-2681-48cc-9767-497385dc1685,"SARAMDLE CO., LTD."
3b39b0a2-3823-401f-84d9-80c83f4113f6,"Garlock Pipeline Technologies, Inc."
c5fb2cef-f064-4281-8401-1df2a7ba52d8,"Fyfe Co., LLC"
bf3bb3a7-ea15-43a1-a641-53d0844f6544,"MARKWEST ENERGY PARTNERS, L.P."
381efbe9-07b7-4d9f-ac86-1d0974d1126c,"The Music People, Inc."
a892c658-781b-4d56-bbad-236162933ff8,BakkerElkhuizen Innovations B.V.
15e7c5cf-6e97-4fa6-a5e9-1660fe315c79,
2f62649e-b033-46a0-8581-ae2fe3668458,"Sitzmann Tools, LLC"
13d3c98b-4bb7-43a0-8f90-ad0fb539d706,GE LIGHTING SOLUTIONS LLC
1dc93394-d216-4d4d-a25e-8d6e18117e8f,"LG INNOTEK CO., LTD."
09a4d939-ed0a-47d3-b938-832103c1812d,"MRP DESIGN ENGINEERING, LLC"
6e2179ea-0dc3-49ec-8ae4-e062b86a5f3c,ZKW Group GmbH
80b8cf92-ec67-48a2-8242-c0ba7673d2af,"Bridgelux, Inc."
48d7e21c-b6a2-46df-8ed6-73b6225ce809,Enplas Corporation
a2c15c54-973e-40c5-9e04-11136714cdde,COOLEDGE LIGHTING INC.
edfb0505-2f60-40e9-a5a5-b7458fdd1845,LEDVANCE GmbH
63c94b99-02f0-4edf-9eb0-92fec052888f,"REVELLA, INC."
206d8579-7482-49c3-ae35-92e3eb2d9ebd,"Shenzhen Leyeah Packaging Design Co., Ltd."
c4552e6a-b0a7-4fbb-9f17-9d95ac1e1aa0,Cooper Technologies Company
2a3bba28-4094-46ad-aae1-0bb0b0249982,"Cree, Inc."
7c86de7d-ede0-48b2-be06-03677f0f41a9,Zumtobel Lighting GmbH
7a487e7a-6119-494b-970b-9298241dd2c1,"LUNEX CO., LTD."
3d703bec-9177-491e-82b1-c4d2cc27027e,DEGREMONT
e4853f5c-6d4f-41dc-be5f-d6c0ec9ad213,"Biomass Controls, LLC"
0585048b-4ec5-4e97-b7da-92eef82665ff,"TSUKISHIMA KIKAI CO., LTD."
72931688-253e-4561-91e9-fd9bb6b0f407,"SANKI ENGINEERING CO., LTD."
2ec52c10-086c-42ac-8479-bd98a79ec521,"PRECISION COMBUSTION, INC."
da418ebc-64e6-4b6a-be2b-43db749bab06,Delavan Inc.
8316d9ee-c8c9-4b4b-88c4-c8cc653cf082,Rational Aktiengesellschaft
2390b8d7-b9e8-4666-ad2b-8cd654b144dd,Toshiba Carrier Corporation
5241e39f-6667-4083-881e-485fb4335bc8,Emerson Electric Co.
e0bccfd9-8599-4096-a16c-506659b26bc6,BELIMO HOLDING AG
2cd5b13d-aeed-4bf7-906c-9fe325c9dcb6,"Cambridge Engineering, Inc."
1df7efc9-73c8-4c0a-ae08-e81729634483,
da1966bf-5477-4280-b599-eb71fc6aefc3,Focal Line Solar LLC
555255c3-e9d8-4753-ac62-9c8b8f12049c,TRIOPIPE GEOTHERM AB
76ffcb6c-aec3-4f36-9700-e485e246cf23,TRANE INTERNATIONAL INC.
ca503f7d-9ad6-4ee4-817e-ed2a2f114bb3,FUJITSU GENERAL LIMITED
daa1951c-5575-46c5-b626-b06b4761ddc7,Vexo International (UK) Limited
1c0590cd-1084-4bb1-bc33-0c8eae6a646e,Scottsman Group LLC
dfe035ee-2d3f-4286-8940-eb9c7a3f3f11,"ASAHI GLASS CO., LTD."
58324c09-5726-4c69-aa8f-8813579c1fb5,"INOVATZIA, INC."
7ae97e75-bc9c-48ca-996c-b4d9e98eb01a,"SNOPA CO., LTD."
e23b9e4e-80a4-4558-a54f-b7d1c1514144,"ELECTROLUX HOME PRODUCTS, INC."
73e5e8f9-0a5f-42fc-9277-70baf4b5358c,"Gel Cap Technologies, LLC"
d75b2f21-e290-49fa-a94f-35f9905b1ac9,"DAIDO STEEL CO., LTD"
985fd244-5eb1-4187-8612-cb37a743e2a7,Ingersoll-Rand Company
5eadbc7e-df81-4be0-a2d9-0deac70b22fe,TSINGHUA UNIVERSITY
911ce33b-4d63-487b-80cc-76b296cad564,"Falcon 37, Inc."
c81532ed-57c8-416e-afac-98105dc45153,FABBRICA D'ARMI PIETRO BERETTA S.P.A.
8e94d225-74b2-482a-8283-33d3e82ea92b,"Heizer Defense, LLC"
02435102-a5b6-4e4f-8d7d-2e64bf22842b,"TrackingPoint, Inc."
fe14e5fb-537d-4835-94ff-faea3806cf10,"AMBIMJB, LLC"
f52322f3-fd21-455a-90a5-9097b0a7e463,"ACME Worldwide Enterprises, Inc."
61809569-aca2-4fcd-a16e-697f4b963b33,"KIEN WELL TOY INDUSTRIAL CO., LTD."
99117ec7-7750-48f6-b775-1e48b18d83ce,"WHG PROPERTIES, LLC"
3531edf1-0ed9-4936-8ee8-55333fe37b78,"Streamlight, Inc."
981a0c86-8876-47c3-9b0d-f7a815eaef6c,"Augustine Biomedical + Design, LLC"
9e8848f2-94ad-4cc1-b186-aa9724d8ca41,"Hardwire, LLC"
4c5ff1cf-4c03-415d-821a-195734ff8131,
e13645bd-862c-4efb-82f1-f1f008ed8701,ETIENNE LACROIX TOUS ARTIFICES S.A.
7c471fad-cb50-463b-8367-08df702779b3,LEIJONA INSTITUUTI OY
cb2da906-fb51-4b44-841a-bac96880aa13,Vista Outdoor Operations LLC
a429ff76-df82-43a6-91a3-1a52b07bd681,MITUTOYO CORPORATION
28bcd129-e6cb-42c4-801a-ebe19fda2b1d,"KOBE STEEL, LTD."
e866b966-694b-4da0-9295-7c34d26a47ff,"KOBELCO RESEARCH INSTITUTE, INC."
3f666dd2-9305-4d4f-b624-f30393a45583,OPTOPLAN AS
fe9ee08c-04fd-4254-8e7a-cfe77a307f1a,KOREA BASIC SCIENCE INSTITUTE
c202848f-0f20-4d2f-8646-6122a78d4274,"FURUKAWA MAGNET WIRE CO., LTD."
21c522ab-66a8-4579-8144-8dd7c18cd5fc,"FURUKAWA ELECTRIC CO., LTD."
ae0265a9-8158-490b-b695-8429df436856,"BEIJING QINGYING MACHINE VISUAL TECHNOLOGY CO., LTD."
bd831b3e-a847-4b81-a4b5-f7e3d383b123,"Rockwell Collins, Inc."
29b8f534-149e-443c-b76b-3c4a222da89c,International Business Machines Corporation
2154015f-3c18-4df9-9048-1d46570758f8,TOMTOM GLOBAL CONTECT B.V.
cf52a065-bbbb-4431-ba9a-2f542f9b8e24,"INRIX, Inc."
ffb1b546-7a9a-4553-8407-bf3771895c8a,Goldman Sachs & Co. LLC
06beeacf-5de9-4576-ab76-f136aec71d89,HERE GLOBAL B.V.
67d89c2f-6e3d-4ee7-b818-fb292fcf8c41,
c988f2b4-a19f-4b3d-b038-fcc1a843ee72,"InvenSense, Inc."
a1f1140b-be40-4f32-b9a7-1e2f63f75319,MICRO-EPSILON MESSTECHNIK GMBH & CO. KG
02301435-a838-43cb-899d-d54d2579d6b6,EMC IP Holding Company LLC
8c98d6a6-4d54-4892-88b5-e134cdbabc58,Vesper Technologies Inc.
b5d59b3a-5344-4400-bbaf-bf2aba8ec8d2,Endress+Hauser Flowtec AG
548c8789-8f46-4054-ba33-dd82d9d6deb2,"NAGANO KEIKI CO., LTD."
a4125ee5-aafd-429f-b987-d768c41d7b62,ENDRESS+HAUSER GMBH+CO.KG
fccf8ebc-76b7-443d-84ec-975db328fa70,Catalina Marketing Corporation
93a54875-b046-485b-8144-1e85a55a8255,NATIONAL UNIVERSITY CORPORATION KYOTO INSTITUTE OF TECHNOLOGY
38d1c51b-6fed-4b59-a47e-76864abbcfbf,"SEMICONDUCTOR COMPONENTS INDUSTRIES, LLC"
dddebea8-5ce3-4a59-b385-53d86e069889,National Chiao Tung University
2b694451-2d18-45dc-9837-425eca09c3f3,
ffdd1299-2755-4739-a068-2c6f7fdf41e0,"University of Central Florida Research Foundation, Inc."
3101c3c3-9050-463b-be66-57d22530c682,X-Rite Switzerland GmbH
a5e4f5aa-e014-4c3c-b878-4d58405c0d5e,HAMAMATSU PHOTONICS K.K.
55754f7e-e260-42ac-a700-1d2cc456c43e,"SEMICONDUCTOR ENERGY LABORATORY CO., LTD."
fea61139-d046-477b-b84a-f4b1027ac57a,SAMSON AKTIENGESELLSCHAFT
aaa9b461-4945-473c-ac6a-43869cdc542e,"Link Mfg., Ltd."
bb95f633-a9f7-414c-b6c6-c26d9e2acae2,"BOARD OF REGENTS, THE UNIVERSITY OF TEXAS SYSTEM"
afae56d8-a20e-4b8a-9714-7bc766696480,NITTA CORPORATION
6637c89d-23ee-42de-8565-95425cfdbfdf,"SeeScan, Inc."
86f32ebe-1708-4b6e-a9a3-3b91e602f99f,
6c82be83-ce4c-43af-81d2-a89a59f099be,"Kane USA, Inc."
8a210254-62f7-47db-b59f-70769e528160,"MEASUREMENT SPECIALTIES, INC."
f5dc5b8a-028d-456d-bf4b-7c89b3ad863a,CARRIER CORPORATION
edb94615-3a18-4478-b2c5-1c6a807f7c1d,CTC ANALYTICS AG
7944f65f-8cd8-46e5-9561-d9f5e1bd737d,LIFE TECHNOLOGIES CORPORATION
d71f3244-d8d3-46d8-bdd6-0945c6be12bc,THE GOVERNING COUNCIL OF THE UNIVERSITY OF TORONTO
40f284de-0b50-4c06-a399-780808c00f6a,SOUTHWEST RESEARCH INSTITUTE
98a3452f-d4e4-4782-aea4-40e73254e4ec,HUAZHONG UNIVERSITY OF SCIENCE AND TECHNOLOGY
b0adcf61-dfae-4f46-8b25-d8dd472d6101,OLYMPUS CORPORATION
6236fad5-86ef-43c5-a00f-bdf5c3e29ed6,"SCREEN Holdings Co., Ltd."
7fae8879-1482-4b79-baa3-6c8295e2f4e1,Thermo Scientific Portable Analytical Instruments Inc.
e9a9250e-9768-41cd-97c4-285e4637ec9c,"Ring Container Technologies, LLC"
3f5474da-f5b1-46d9-a18c-f7e0d6260957,"GE Energy Oilfield Technology, Inc."
9a3370bb-b878-4e59-993f-e51d53210c7b,KING ABDULLAH UNIVERSITY OF SCIENCE AND TECHNOLOGY
efe7f34e-a653-4e92-a154-dc3ed8a8ea6a,"Church & Dwight Co., Inc."
73863a8e-ba3a-474c-849f-ecd6d345acbd,"MEDTRONIC MINIMED, INC."
55bc7465-2823-418d-9835-41d555c610a6,SONY GROUP CORPORATION
e1486dcb-d5bb-48b4-a332-32062ba8e9fe,STMICROELECTRONICS S.r.l.
fc8d0f7e-c6cf-4b92-85dc-64478ef9d6ea,Parker-Hannifin Corporation
ee2b1750-7f7b-45e5-ad22-5a86ccc94f55,STERIS Corporation
a415ddec-76e5-4bee-a861-cd879635f554,DH Technologies Development Pte. Ltd.
c8e63bcd-951c-4aa7-acb3-4217ced77f54,"JENTEK Sensors, Inc."
4ef2b9c8-d3e7-40d6-ac53-8694d8fe890f,Kabushiki Kaisha Toshiba
68ba46a2-a2a6-41ba-8a65-e9a2f2d1a791,"KONICA MINOLTA, INC."
7eaf3c41-f692-4819-996c-d26d6bd55298,"AGRICULTURAL CHEMICALS AND TOXIC SUBSTANCES RESEARCH INSTITUTE, COUNCIL OF AGRICULTURE, EXECUTIVE YUAN"
c3c5b27f-33a2-4028-a122-4dfe944d3591,Waters Technologies Corporation
2c95ecfa-043d-42e4-bda7-bb2e0c335cd3,"Sy Kessler Sales, Inc."
6b12922f-3eb0-4806-827d-e7b07a19ed26,Korea Advanced Institute of Science and Technology (KAIST)
542d2a49-7af2-4100-b2bc-dfeba08df747,UNIVERSITATSKLINIKUM SCHLESWIG-HOLSTEIN
09173d7d-026e-4810-a6ed-e28e3fe64e99,METANOMICS HEALTH GMBH
aabd0fe4-7ddd-4321-a7ef-5fd5c12f261f,UNIVERSITY OF MIYAZAKI
b1772451-9528-42b3-9fe4-c3f3e3da982c,Sanford-Burnham Medical Research Institute
a0337618-b41e-4f6c-bbe6-a5785bfcd230,"XenoTech, L.L.C."
973c0ba5-1fb0-4153-a565-ed7e120c4f37,Rensselaer Polytechnic Institute
ab0fdfa1-88e7-42bd-a06c-94c226f1c097,"GenMark Diagnostics, Inc."
64206689-9ef9-493d-ae7c-01d6d01d4c8a,Korea University Research and Business Foundation
a6058a3c-e326-4dcc-b221-d520022dbf30,MYCARTIS N.V.
00824f5e-8f1d-4389-89db-3cd4b71843a6,Stellenbosch University
a95c917b-56f9-4a25-9503-2d884c2286f4,QUIDEL CORPORATION
a2eaba1f-807b-4a27-91ca-adb6bc4e15fe,Celgene Corporation
774fa432-4a96-4660-8612-d96607467680,Sanford Health
377b6b4a-195b-401a-9db8-f0047c80dacf,"Alverix, Inc."
cfce1d38-5a6c-4f3b-881d-659cb578693f,HIROSAKI UNIVERSITY
b9705ad5-b85c-49c8-b7f0-7b8852b6fb06,Asocación Centro de Investigación Cooperativa en Biomaterials
f856aacc-9d90-4920-931f-d64ba1a5eaba,Tianjin University
858480c9-ee0e-456e-9a9e-9e7e66747eaf,Nordic Bioscience A/S
6899c7cf-d962-4abf-9173-80339d6f423a,CENTRE HOSPITALIER UNIVERSITAIRE DE NICE
d715637d-a8cc-44f0-9122-2c7b0957fc5f,Institut Régional du Cancer de Montpellier
ae44f478-8d1d-464d-b51c-042c9dd8517f,UNIVERSITE DE MONTPELLIER
e8d8f781-db56-413a-a002-ef5df06e2e31,Diagnodus Limited
9956aa11-fb55-4a85-8d60-77e55a939b43,University of Ottawa
7ea9490e-caf1-46ce-92e4-7b769fec1089,"W.H.P.M BIORESEARCH AND TECHNOLOGY CO., LTD."
b04c0780-6f6f-4b8d-8fef-cd4b35d417bf,BIOVERATIV THERAPEUTICS INC.
6aede728-c91c-4385-b553-ffcc51467636,"Gearbox, Inc."
53cc491d-015e-4686-aabc-3e7e4f41e492,Abbott Laboratories
e4e6a357-cf81-4717-82a3-fd51a4066f68,SYSMEX CORPORATION
b51e0149-1503-450a-bf7f-805ee8b15d08,TECAN SCHWEIZ AG
51c0a2dc-0e46-42ef-b071-2ca8d84539a9,"Universal Diagnostics, S.A."
57358132-7ec2-4353-8dd2-35591dcc765d,"D&V ELECTRONICS, LTD."
39b309a7-a293-4a24-a73e-7c47cf4692cf,"TONGFU MICROELECTRONICS CO., LTD."
f354228e-3553-4520-9ba7-adc273a6e7ad,Renesas Electronics Corporation
bcc3b0cf-67fc-4f3b-85eb-f8688e377681,Centro de Pesquisas de Energia Elétrica—CEPEL
89f60179-9cf6-4ea6-9491-c98ed2cf7555,"Veris Industries, LLC"
7632ff3f-2479-447c-a803-eec68cf3de55,Astrolink International LLC
909b60f3-a3f9-43b9-90da-0978657360a0,"Dominion Energy Technologies, Inc."
0616ba22-0004-4602-9cce-923fb2eee4e3,National Sun Yat-Sen University
6313a1d4-0e7e-4623-abc6-e6cf85ff850b,L'AVENIR D'OR BV
6996a046-23da-4aaa-88d6-6f65bb8e99f5,Futures Partners LLC
5a178241-2d1a-4449-a462-a07074dffdc0,ABB Schweiz AG
46dc259d-f932-4497-837e-49f22897537d,"Allegro MicroSystems, LLC"
83ad70c5-72b0-49ef-93be-fce101bc9cc4,AVO Multi-Amp Corporation
6655016a-dc0c-46d6-930b-e02eb2ff70d4,Commissariat à l'Energie Atomique et aux Energies Alternatives
076cd972-e7e2-4ad7-a2cb-ae9bebadce2b,"INDUSTRY-ACADEMIC COOPERATION FOUNDATION, YONSEI UNIVERSITY"
